URL,Email
https://jatcgreenhouse.org/,margaret.ward@jordandistrict.org
https://jatcgreenhouse.org/,sydnee.roholt@jordandistrict.org
https://www.timesnews.net/living/features/ask-a-master-gardener-turn-your-winter-garden-into-a-wildlife-sanctuary/article_27b8123e-93a1-11ee-b399-2b2274676ebb.html,helpdesk@timesnews.net
http://www.cabotgreenhouseandnursery.com/,cabotgreenhouse@gmail.com
https://summersweetgardens.com/,sales@summersweetgardens.com
https://sammazzafarms.com/greenhouse/,smazzafarms@comcast.net
https://www.walkerfarm.com/,walkerfarmvt@gmail.com
https://www.readinggreenhouse.com/,readinggreenhouse@hotmail.com
https://summersweetgardens.com/,sales@summersweetgardens.com
https://vt.audubon.org/plants-birds/finding-native-plants-vermont,vermont@audubon.org
https://vt.audubon.org/plants-birds/finding-native-plants-vermont,vermont@audubon.org
https://vermontcountry.com/2023/04/05/southern-vermont-nurseries/,bmerrill@reformer.com
https://vermontcountry.com/2023/04/05/southern-vermont-nurseries/,rlolatte@reformer.com
https://vermontcountry.com/2023/04/05/southern-vermont-nurseries/,jbrechenser@reformer.com
https://vermontcountry.com/2023/04/05/southern-vermont-nurseries/,gmangiaratti@reformer.com
https://vermontcountry.com/2023/04/05/southern-vermont-nurseries/,ayassir@benningtonbanner.com
https://vermontcountry.com/2023/04/05/southern-vermont-nurseries/,lwright@reformer.com
https://vermontcountry.com/2023/04/05/southern-vermont-nurseries/,splaisance@benningtonbanner.com
https://www.honeyfieldfarmvt.com/,info@honeyfieldfarmvt.com
https://www.readinggreenhouse.com/,readinggreenhouse@hotmail.com
https://www.vermontjoblink.com/jobs/981001,labor.vjl@vermont.gov
https://thevermontgardener.blogspot.com/2019/,vermontflowerfarm@outlook.com
https://goldenrussetfarm.com/,orders@goldenrussetfarm.com
https://www.nurserytrees.com/States/state%20Vermont.htm,info@nurserytrees.com
https://evergreengardensvermont.com/,evergardens@yahoo.com
https://maplehillnursery.com/,jamimaplehill@yahoo.com
https://www.millicannurseriesinc.com/,MNIsales@MNIplants.com
https://www.wcax.com/2023/03/03/flower-show-returns-essex-jct-after-4-year-hibernation/,Filepublicfile@wcax.com
https://ngma.com/industry-links/,ads@ngma.com
https://ngma.com/industry-links/,admin@ngma.com
https://ngma.com/industry-links/,membership@ngma.com
https://ngma.com/industry-links/,communications@ngma.com
https://ngma.com/industry-links/,events@ngma.com
https://ngma.com/industry-links/,comm@ngma.com
https://ngma.com/industry-links/,commassoc@ngma.com
https://ngma.com/industry-links/,info@ngma.com
https://ngma.com/industry-links/,ads@ngma.com
https://ngma.com/industry-links/,admin@ngma.com
https://ngma.com/industry-links/,membership@ngma.com
https://ngma.com/industry-links/,communications@ngma.com
https://ngma.com/industry-links/,events@ngma.com
https://ngma.com/industry-links/,comm@ngma.com
https://ngma.com/industry-links/,commassoc@ngma.com
https://ngma.com/industry-links/,info@ngma.com
https://www.nekchamber.com/SummersweetGardens,nekinfo@nekchamber.com
https://www.nekchamber.com/SummersweetGardens,annex@perennialpleasures.net
https://vermontorganics.com/our-nursery/,timc@vermontorganics.com
https://vermontorganics.com/our-nursery/,miker@vermontorganics.com
https://www.redwagonplants.com/blog-archive,info@redwagonplants.com
https://www.catefarm.com/,catefarmvt@gmail.com
https://www.nass.usda.gov/Publications/AgCensus/2017/Online_Resources/Census_of_Horticulture_Specialties/HORTIC.pdf,i@d.cm
https://www.nekchamber.com/SummersweetGardens,nekinfo@nekchamber.com
https://www.nekchamber.com/SummersweetGardens,annex@perennialpleasures.net
http://www.riverberryfarm.com/pollinator-plants/,JaneThyraSorensen@gmail.com
http://www.riverberryfarm.com/pollinator-plants/,riverberryfarm@gmail.com
https://summersweetgardens.com/tea-garden/,sales@summersweetgardens.com
https://vtdigger.org/2015/07/26/perennial-pleasures-a-garden-of-delight-in-east-hardwick/,contact@vtdigger.org
https://vtdigger.org/2015/07/26/perennial-pleasures-a-garden-of-delight-in-east-hardwick/,fterra@vtdigger.org
https://vtdigger.org/2015/07/26/perennial-pleasures-a-garden-of-delight-in-east-hardwick/,pressreleases@vtdigger.org
https://vtdigger.org/2015/07/26/perennial-pleasures-a-garden-of-delight-in-east-hardwick/,dbyerly@vtdigger.org
https://www.rma.usda.gov/en/Fact-Sheets/National-Fact-Sheets/Nursery-Commodity-Insurance,FPAC.BC.Press@usda.gov
https://www.rma.usda.gov/en/Fact-Sheets/National-Fact-Sheets/Nursery-Commodity-Insurance,rma.kc.nursery@rma.usda.gov
https://thefloweringfarmhouse.com/2022/01/06/11-best-places-to-buy-flower-seeds-online/,hello@thefloweringfarmhouse.com
https://www.nurserysupplies.com/,sales@nurserysupplies.com
https://www.walkerfarm.com/2017-state-of-the-farm/,walkerfarmvt@gmail.com
https://www.nurserysupplies.com/,sales@nurserysupplies.com
https://gpnmag.com/,frontdesk@greatamericanpublish.com
https://biocontrol.ucr.edu/western-flower-thrips,vandries@cns.umass.edu
https://biocontrol.ucr.edu/western-flower-thrips,mark.hoddle@ucr.edu
https://carefarmingnetwork.org/the-network/,carefarm@redwiggler.org
https://www.nurserysupplies.com/,sales@nurserysupplies.com
https://mettoweemint.com/pages/about-us,info@mettoweemint.com
https://www.lsuagcenter.com/portals/communications/publications/agmag/archive/2012/winter/lsu-agcenter-serves-nursery-and-landscape-industry,web@agcenter.lsu.edu
https://www.uvm.edu/cals/greenhouses/plant-sales-and-services,greenhouses@uvm.edu
https://bellowsfallsvt.org/business/allen-brothers/,bfdda1@gmail.com
https://www.northeastipm.org/partners-in-ipm/regional-partners/neera/vermont-ipm-report-2019/,vtapplegrower@list.uvm.edu
https://www.northeastipm.org/partners-in-ipm/regional-partners/neera/vermont-ipm-report-2019/,vermontgrape@list.uvm.edu
https://www.northeastipm.org/partners-in-ipm/regional-partners/neera/vermont-ipm-report-2019/,web-accessibility@cornell.edu
https://www.walkerfarm.com/2017-state-of-the-farm/,walkerfarmvt@gmail.com
https://www.redwagonplants.com/blog-archive/category/About+Us,lily@redwagonplants.com
https://www.redwagonplants.com/blog-archive/category/About+Us,info@redwagonplants.com
https://www.readinggreenhouse.com/about-us,readinggreenhouse@hotmail.com
https://www.honeyfieldfarmvt.com/farmstand-greenhouses,info@honeyfieldfarmvt.com
https://ext.vt.edu/agriculture/commercial-horticulture/greenhouse-nursery.html,jim.owen@vt.edu
https://ext.vt.edu/agriculture/commercial-horticulture/greenhouse-nursery.html,jlatime@vt.edu
https://www.ivynursery.com/,gifts@ivynursery.com.For
https://www.ivynursery.com/,treesandshrubs@ivynursery.com.For
https://www.ivynursery.com/,careers@ivynursery.com
https://www.ivynursery.com/,gifts@ivynursery.com
https://www.ivynursery.com/,annuals@ivynursery.com.For
https://www.ivynursery.com/,perennials@ivynursery.com
https://www.ivynursery.com/,design@ivynursery.com
https://www.mountainviewfarm.biz/,office@mountainviewfarm.biz
https://ext.vt.edu/agriculture/commercial-horticulture/greenhouse-nursery.html,jim.owen@vt.edu
https://ext.vt.edu/agriculture/commercial-horticulture/greenhouse-nursery.html,jlatime@vt.edu
http://www.esnursery.com/,esn@esnursery.com
https://www.nurserytrees.com/States/state%20Virginia.htm,info@nurserytrees.com
https://bellnursery.com/contact-us/,humanresources@bellnursery.com
https://gpnmag.com/article/cover-story-in-pursuit-of-perfection/,frontdesk@greatamericanpublish.com
https://www.plantvirginianatives.org/plantswvanatives/where-to-buy,virginia.witmer@deq.virginia.gov
https://bellnursery.com/contact-us/,humanresources@bellnursery.com
https://www.eandtgreenhouses.com/,info@eandtgreenhouses.com
https://vnps.org/native-plant-nursery-list/,vnps.org@gmail.com
https://www.plantvirginianatives.org/nursery-survey-list-of-nurseries,virginia.witmer@deq.virginia.gov
https://egardenplace.com/,info@evergreenofch.com
https://www.burkenursery.com/,burke9401@aol.com
https://ngma.com/industry-links/,ads@ngma.com
https://ngma.com/industry-links/,admin@ngma.com
https://ngma.com/industry-links/,membership@ngma.com
https://ngma.com/industry-links/,communications@ngma.com
https://ngma.com/industry-links/,events@ngma.com
https://ngma.com/industry-links/,comm@ngma.com
https://ngma.com/industry-links/,commassoc@ngma.com
https://ngma.com/industry-links/,info@ngma.com
https://idahopreferred.com/members/bradys-plant-ranch/,IdahoPreferred@agri.idaho.gov
https://walnutsprings.com/employment-opportunities/,SALES@WALNUTSPRINGS.COM
https://journals.ashs.org/hortsci/view/journals/hortsci/45/8/article-p1232.xml,rglopez@purdue.edu
https://journals.ashs.org/hortsci/view/journals/hortsci/45/8/article-p1232.xml,webmaster@ashs.org
https://www.eandtgreenhouses.com/,info@eandtgreenhouses.com
https://www.mountvernon.org/the-estate-gardens/gardens-landscapes/ten-facts-about-the-gardens-at-mount-vernon/,tickets@mountvernon.org
https://www.maine.gov/dacf/php/horticulture/licensednurseries.shtml,dacf@maine.gov
https://www.gardenernursery.com/,Cameron@gardenernursery.com
https://www.gardenernursery.com/,Cindy@gardenernursery.com
https://cottageinthecourt.com/allaboutthegardenlife/abernethy-and-spencer-a-local-horticultural-jewel/,teri@cottageinthecourt.com
https://www.qualitygreenhouses.net/,sales@qualitygreenhouses.net
https://www.qualitygreenhouses.net/,orders@qualitygreenhouses.net
https://northernvirginiamag.com/home/home-design/2023/05/25/garden-centers-and-nurseries-northern-virginia/,advertising@northernvirginiamag.com
https://northernvirginiamag.com/home/home-design/2023/05/25/garden-centers-and-nurseries-northern-virginia/,professionals@northernvirginiamag.com
https://northernvirginiamag.com/home/home-design/2023/05/25/garden-centers-and-nurseries-northern-virginia/,plaques@northernvirginiamag.com
https://northernvirginiamag.com/home/home-design/2023/05/25/garden-centers-and-nurseries-northern-virginia/,editorial@northernvirginiamag.com
https://northernvirginiamag.com/home/home-design/2023/05/25/garden-centers-and-nurseries-northern-virginia/,darin@northernvirginiamag.com
https://northernvirginiamag.com/home/home-design/2023/05/25/garden-centers-and-nurseries-northern-virginia/,calendar@northernvirginiamag.com
https://northernvirginiamag.com/home/home-design/2023/05/25/garden-centers-and-nurseries-northern-virginia/,northernvirginia@emailcustomerservice.com
https://www.maine.gov/dacf/php/horticulture/licensednurseries.shtml,dacf@maine.gov
http://www.stanleysgreenhouse.com/our-customers,info@stanleysgreenhouse.com
https://barrettsadrian.com/,info@barrettsadrian.com
https://gpnmag.com/article/cover-story-in-pursuit-of-perfection/,frontdesk@greatamericanpublish.com
https://greenstreetgardens.com/about-us/alexandria/,inthedirt@greenstreetgardens.com
https://www.virginianursery.com.au/,online@virginianursery.com
https://barrettsadrian.com/,info@barrettsadrian.com
https://www.mountvernon.org/the-estate-gardens/gardens-landscapes/ten-facts-about-the-gardens-at-mount-vernon/,tickets@mountvernon.org
https://chadwickorchids.com/,gaskins@chadwickorchids.com
https://chadwickorchids.com/,belmont@chadwickorchids.com
https://chadwickorchids.com/,greenhouse@chadwickorchids.com
https://www.governor.virginia.gov/newsroom/news-releases/2023/october/name-1016591-en.html,Macaulay.Porter@governor.virginia.gov
https://www.governor.virginia.gov/newsroom/news-releases/2023/october/name-1016591-en.html,Melissa.Ball@vdacs.virginia.gov
https://cottageinthecourt.com/allaboutthegardenlife/abernethy-and-spencer-a-local-horticultural-jewel/,teri@cottageinthecourt.com
https://attra.ncat.org/internship/tnt-farm-n-greenhouse/,askanag@ncat.org
https://sunfarm.com/,barry@sunfarm.com
https://northernvirginiamag.com/home/home-design/2023/05/25/garden-centers-and-nurseries-northern-virginia/,advertising@northernvirginiamag.com
https://northernvirginiamag.com/home/home-design/2023/05/25/garden-centers-and-nurseries-northern-virginia/,professionals@northernvirginiamag.com
https://northernvirginiamag.com/home/home-design/2023/05/25/garden-centers-and-nurseries-northern-virginia/,plaques@northernvirginiamag.com
https://northernvirginiamag.com/home/home-design/2023/05/25/garden-centers-and-nurseries-northern-virginia/,editorial@northernvirginiamag.com
https://northernvirginiamag.com/home/home-design/2023/05/25/garden-centers-and-nurseries-northern-virginia/,darin@northernvirginiamag.com
https://northernvirginiamag.com/home/home-design/2023/05/25/garden-centers-and-nurseries-northern-virginia/,calendar@northernvirginiamag.com
https://northernvirginiamag.com/home/home-design/2023/05/25/garden-centers-and-nurseries-northern-virginia/,northernvirginia@emailcustomerservice.com
https://richmondmom.com/2019/04/12/best-nurseries-and-garden-centers-richmond/,320.7798info@sneedsnursery.com
https://richmondmom.com/2019/04/12/best-nurseries-and-garden-centers-richmond/,cs@richmondmom.com
https://choosenatives.org/articles/irresistible-thistle-invaluable-native-plant/,toni@choosenatives.org
https://www.bluemountnursery.com/about-us/staff/,info@BlueMountNursery.com
https://www.bluemountnursery.com/about-us/staff/,MwittBlueMount@aol.com
https://www.bluemountnursery.com/about-us/staff/,info@bluemountnursery.com
https://www.fs.usda.gov/rm/pubs_series/rmrs/gtr/rmrs_gtr274.pdf,Z@-.GEa
https://www.fs.usda.gov/rm/pubs_series/rmrs/gtr/rmrs_gtr274.pdf,_@b.Wc
https://www.visitsuffolkva.com/meet/florists-nurseries/,23434endofnowhereflowerfarm@gmail.com
https://sunfarm.com/,barry@sunfarm.com
https://www.thomasgardensva.com/,terrythomas52@hotmail.com
https://www.visitsuffolkva.com/meet/florists-nurseries/,23434endofnowhereflowerfarm@gmail.com
https://mdflora.org/nurseries.html,rob@pitcherplant.com
https://mdflora.org/nurseries.html,info@chesapeakenatives.org
https://mdflora.org/nurseries.html,wakevn@gmail.com
https://mdflora.org/nurseries.html,contact@Archewild.com
https://mdflora.org/nurseries.html,joe@friendshipfarms.com
https://mdflora.org/nurseries.html,toadshad@toadshade.com
https://mdflora.org/nurseries.html,info@newmoonnursery.com
https://mdflora.org/nurseries.html,sales@awcconservation.com
https://mdflora.org/nurseries.html,info@howardecoworks.org
https://mdflora.org/nurseries.html,info@clearridgenursery.com
https://mdflora.org/nurseries.html,order@northcreeknurseries.com
https://mdflora.org/nurseries.html,info@sylvanative.com
https://mdflora.org/nurseries.html,LaurensGardens@gmail.com
https://mdflora.org/nurseries.html,info@edgeofthewoodsnursery.com
https://mdflora.org/nurseries.html,info@directnativeplants.com
https://mdflora.org/nurseries.html,heartwoodnursery@yahoo.com
https://mdflora.org/nurseries.html,4cgardeners@copper.net
https://mdflora.org/nurseries.html,morningsidefarmandnursery@gmail.com
https://mdflora.org/nurseries.html,sales@midatlanticnatives.com
https://mdflora.org/nurseries.html,gardens@brandywine.org
https://mdflora.org/nurseries.html,barry@sunfarm.com
https://mdflora.org/nurseries.html,sarah@twinleafnativenursery.com
https://mdflora.org/nurseries.html,gonative@voicenet.com
https://mdflora.org/nurseries.html,Jillian@delmarvanativeplants.com
https://mdflora.org/nurseries.html,infor@northcreeknurseries.com
https://mdflora.org/nurseries.html,nativeplants@adkinsarboretum.org
https://mdflora.org/nurseries.html,stjohnsemail@aol.com
https://mdflora.org/nurseries.html,mariana@wildflowernativeplants.com
https://mdflora.org/nurseries.html,carrie@butterflyalley.net
https://mdflora.org/nurseries.html,sales@ernstseed.com
https://mdflora.org/nurseries.html,bill@keystonewildflowers.com
https://mdflora.org/nurseries.html,info@stadlernativeplants.com
https://mdflora.org/nurseries.html,bonaterra@bonaterradc.com
https://mdflora.org/nurseries.html,plants@sevenbends.org
https://mdflora.org/nurseries.html,Virginia@winstongardens.com
https://mdflora.org/nurseries.html,Catherine@yellowspringsfarm.com
https://mdflora.org/nurseries.html,sales@pinelandsnursery.com
https://mdflora.org/nurseries.html,hello@izelplants.com
https://mdflora.org/nurseries.html,Twright@providencecenter.com
https://mdflora.org/nurseries.html,meadowview@pitcherplant.org
https://mdflora.org/nurseries.html,julie@watermarkwoods.com
https://mdflora.org/nurseries.html,wildspiritnatives@gmail.com
https://mdflora.org/nurseries.html,octoraro@octoraro.com
https://mdflora.org/nurseries.html,nursery@bluewaterbaltimore.org
https://richmondmom.com/2019/04/12/best-nurseries-and-garden-centers-richmond/,320.7798info@sneedsnursery.com
https://richmondmom.com/2019/04/12/best-nurseries-and-garden-centers-richmond/,cs@richmondmom.com
https://duerrsgreenhouse.com/,john@duerrsgreenhouse.com
https://www.lynchburgparksandrec.com/wp-content/uploads/2021/06/Source-of-Native-Plants-in-the-Central-Virginia-Area.pdf,4cgardeners@copper.ne
https://www.lynchburgparksandrec.com/wp-content/uploads/2021/06/Source-of-Native-Plants-in-the-Central-Virginia-Area.pdf,info@ediblelandscaping.com
https://www.lynchburgparksandrec.com/wp-content/uploads/2021/06/Source-of-Native-Plants-in-the-Central-Virginia-Area.pdf,Leefinney0209@gmail.com
https://www.lynchburgparksandrec.com/wp-content/uploads/2021/06/Source-of-Native-Plants-in-the-Central-Virginia-Area.pdf,customercare@thefarmbasket.com
https://www.lynchburgparksandrec.com/wp-content/uploads/2021/06/Source-of-Native-Plants-in-the-Central-Virginia-Area.pdf,hummingbirdhillnatives@gmail.com
https://nanasbluegreenhouse.com/,nanasbluegreenhouse@gmail.com
https://www.jacksonandperkins.com/,info@jacksonandperkins.com
https://www.edenbrothers.com/,service@edenbrothers.com
https://www.nurserysupplies.com/,sales@nurserysupplies.com
https://hopeflowerfarm.com/,Info@hopeflowerfarm.com
https://www.fairfaxcounty.gov/parks/green-spring,Parkmail@fairfaxcounty.gov
https://www.heritageflowerfarm.com/,bettya@heritageflowerfarm.com
https://rhoadsgarden.com/about-us/,flowershop@rhoadsgarden.com
https://idahopreferred.com/idaho-nursery-guide/,IdahoPreferred@agri.idaho.gov
https://www.mountvernon.org/the-estate-gardens/gardens-landscapes/four-gardens-at-mount-vernon/,tickets@mountvernon.org
https://www.edenbrothers.com/,service@edenbrothers.com
https://journals.ashs.org/horttech/view/journals/horttech/29/6/article-p700.xml,webmaster@ashs.org
https://journals.ashs.org/horttech/view/journals/horttech/29/6/article-p700.xml,jsowen@vt.edu
https://www.silverbrooknursery.com/springfield-va-nursery/,silverbrooknursery@gmail.com
https://gpnmag.com/article/cover-story-improving-tomorrow-from-the-ground-up/,frontdesk@greatamericanpublish.com
https://www.nvdaily.com/nvdaily/shopping-for-the-season/image_ecf938a3-6bf7-5b9b-a671-4b3fdf33e6c7.html,news@nvdaily.com
https://www.oleantimesherald.com/business/area-greenhouses-expecting-another-busy-season-of-gardening-popularity/article_025ef67c-d0b2-5433-a985-a45cf701df18.html,kquigley@oleantimesherald.com
https://kawarthanow.com/2023/12/07/greenup-seeking-donations-to-help-rebuild-iconic-lath-house-in-peterboroughs-ecology-park/,editor@kawarthanow.com
https://www.nvdaily.com/nvdaily/shopping-for-the-season/article_d3229086-3034-5b84-9813-d4a632d2f587.html,news@nvdaily.com
https://kawarthanow.com/2023/12/07/greenup-seeking-donations-to-help-rebuild-iconic-lath-house-in-peterboroughs-ecology-park/,editor@kawarthanow.com
https://www.king5.com/evening,TEGNA@nimia.com
https://www.hillermann.com/,239-6729hillermann@hillermann.com
https://www.hillermann.com/,hillermann@hillermann.com
https://www.barnandblossom.com/,99223info@barnandblossom.com
https://www.barnandblossom.com/,trish@barnandblossom.com
https://www.johnsonsflorists.com/,DCsocialmedia@johnsonsflorists.com
https://lovelaconner.com/christiansons-nursery-greenhouse-2/,info@laconnerchamber.com
https://www.spokesman.com/stories/2018/may/14/nurseries-are-a-growth-industry-from-washington/,jimc@spokesman.com
https://www.mountvernon.org/the-estate-gardens/gardens-landscapes/four-gardens-at-mount-vernon/,tickets@mountvernon.org
https://lovelaconner.com/christiansons-nursery-greenhouse-2/,info@laconnerchamber.com
https://www.laysersflowers.com/,USAinfo@laysersflowers.com
https://kleinsfloral.com/,info@kleinsfloral.com
https://kleinsfloral.com/,rick@kleinsfloral.com
https://allseasonsgardencenter.com/,info@allseasonsgardencenter.com
https://www.usbg.gov/,usbg@aoc.gov
https://www.mountvernon.org/the-estate-gardens/gardens-landscapes/ten-facts-about-the-gardens-at-mount-vernon/,tickets@mountvernon.org
https://arboretumfoundation.org/events/spring-plant-sale/,info@arboretumfoundation.org
https://agi.alabama.gov/plantprotection/nursery-growers/,ask-me@agi.alabama.gov
https://www.maine.gov/dacf/php/horticulture/licensednurseries.shtml,dacf@maine.gov
https://smallfarms.cornell.edu/2020/06/covid-19-update-nursery-greenhouse-flower-survey-on-cfap-funding/,web-accessibility@cornell.edu
https://smallfarms.cornell.edu/2020/06/covid-19-update-nursery-greenhouse-flower-survey-on-cfap-funding/,emh56@cornell.edu
https://arboretumfoundation.org/events/spring-plant-sale/,info@arboretumfoundation.org
http://cceclinton.org/resources/survey-nursery-greenhouse-cut-flower-grower-impacted-by-covid-19,emh56@cornell.edu
http://cceclinton.org/resources/survey-nursery-greenhouse-cut-flower-grower-impacted-by-covid-19,clinton@cornell.edu
https://gardenwashington.com/find-nurseries/,info@wsnla.org
http://cceclinton.org/resources/survey-nursery-greenhouse-cut-flower-grower-impacted-by-covid-19,emh56@cornell.edu
http://cceclinton.org/resources/survey-nursery-greenhouse-cut-flower-grower-impacted-by-covid-19,clinton@cornell.edu
https://kingcounty.gov/en/dept/dnrp/nature-recreation/environment-ecology-conservation/yard-garden/native-plants/native-plant-nurseries-washington,growing@tadpolehaven.com
https://kingcounty.gov/en/dept/dnrp/nature-recreation/environment-ecology-conservation/yard-garden/native-plants/native-plant-nurseries-washington,fastgrowingtrees@yahoo.com
https://kingcounty.gov/en/dept/dnrp/nature-recreation/environment-ecology-conservation/yard-garden/native-plants/native-plant-nurseries-washington,nwcn@aol.com
https://kingcounty.gov/en/dept/dnrp/nature-recreation/environment-ecology-conservation/yard-garden/native-plants/native-plant-nurseries-washington,nnwchristmastrees@tds.net
https://kingcounty.gov/en/dept/dnrp/nature-recreation/environment-ecology-conservation/yard-garden/native-plants/native-plant-nurseries-washington,sunbreaknurseryco@home.com
https://kingcounty.gov/en/dept/dnrp/nature-recreation/environment-ecology-conservation/yard-garden/native-plants/native-plant-nurseries-washington,bnbjohns@attbi.com
https://kingcounty.gov/en/dept/dnrp/nature-recreation/environment-ecology-conservation/yard-garden/native-plants/native-plant-nurseries-washington,woodbrk@harbornet.com
https://kingcounty.gov/en/dept/dnrp/nature-recreation/environment-ecology-conservation/yard-garden/native-plants/native-plant-nurseries-washington,info@fungi.com
https://kingcounty.gov/en/dept/dnrp/nature-recreation/environment-ecology-conservation/yard-garden/native-plants/native-plant-nurseries-washington,desertjewelsnursery@gmail.com
https://kingcounty.gov/en/dept/dnrp/nature-recreation/environment-ecology-conservation/yard-garden/native-plants/native-plant-nurseries-washington,gro_native@hotmail.com
https://kingcounty.gov/en/dept/dnrp/nature-recreation/environment-ecology-conservation/yard-garden/native-plants/native-plant-nurseries-washington,help@raintreenursery.com
https://kingcounty.gov/en/dept/dnrp/nature-recreation/environment-ecology-conservation/yard-garden/native-plants/native-plant-nurseries-washington,natives@olympicnursery.com
https://kingcounty.gov/en/dept/dnrp/nature-recreation/environment-ecology-conservation/yard-garden/native-plants/native-plant-nurseries-washington,gonatives@gmail.com
https://kingcounty.gov/en/dept/dnrp/nature-recreation/environment-ecology-conservation/yard-garden/native-plants/native-plant-nurseries-washington,bridget@oxbow.org
https://kingcounty.gov/en/dept/dnrp/nature-recreation/environment-ecology-conservation/yard-garden/native-plants/native-plant-nurseries-washington,forest@insidepassageseeds.com
https://kingcounty.gov/en/dept/dnrp/nature-recreation/environment-ecology-conservation/yard-garden/native-plants/native-plant-nurseries-washington,lissa@friendlynatives.net
https://kingcounty.gov/en/dept/dnrp/nature-recreation/environment-ecology-conservation/yard-garden/native-plants/native-plant-nurseries-washington,mcdonahb@gmail.com
https://kingcounty.gov/en/dept/dnrp/nature-recreation/environment-ecology-conservation/yard-garden/native-plants/native-plant-nurseries-washington,salesdesk@fourthcornernurseries.com
https://kingcounty.gov/en/dept/dnrp/nature-recreation/environment-ecology-conservation/yard-garden/native-plants/native-plant-nurseries-washington,customerservice@molbaks.com
https://kingcounty.gov/en/dept/dnrp/nature-recreation/environment-ecology-conservation/yard-garden/native-plants/native-plant-nurseries-washington,wacd@ncia.com
https://kingcounty.gov/en/dept/dnrp/nature-recreation/environment-ecology-conservation/yard-garden/native-plants/native-plant-nurseries-washington,info@keepingitgreennursery.com
https://kingcounty.gov/en/dept/dnrp/nature-recreation/environment-ecology-conservation/yard-garden/native-plants/native-plant-nurseries-washington,info@seattlenativeplants.com
https://kingcounty.gov/en/dept/dnrp/nature-recreation/environment-ecology-conservation/yard-garden/native-plants/native-plant-nurseries-washington,arlingtonfarmersmarket@gmail.com
https://kingcounty.gov/en/dept/dnrp/nature-recreation/environment-ecology-conservation/yard-garden/native-plants/native-plant-nurseries-washington,info@soundnativeplants.com
https://kingcounty.gov/en/dept/dnrp/nature-recreation/environment-ecology-conservation/yard-garden/native-plants/native-plant-nurseries-washington,info@treefrogfarm.com
https://kingcounty.gov/en/dept/dnrp/nature-recreation/environment-ecology-conservation/yard-garden/native-plants/native-plant-nurseries-washington,firwood@wildblue.net
https://kingcounty.gov/en/dept/dnrp/nature-recreation/environment-ecology-conservation/yard-garden/native-plants/native-plant-nurseries-washington,terra@stormlakegrowers.com
https://kingcounty.gov/en/dept/dnrp/nature-recreation/environment-ecology-conservation/yard-garden/native-plants/native-plant-nurseries-washington,info@TandLnursery.com
https://kingcounty.gov/en/dept/dnrp/nature-recreation/environment-ecology-conservation/yard-garden/native-plants/native-plant-nurseries-washington,info@cloudmountainfarm.com
https://kingcounty.gov/en/dept/dnrp/nature-recreation/environment-ecology-conservation/yard-garden/native-plants/native-plant-nurseries-washington,classicnursery@msn.com
https://kingcounty.gov/en/dept/dnrp/nature-recreation/environment-ecology-conservation/yard-garden/native-plants/native-plant-nurseries-washington,wildflowersnw@gmail.com
https://kingcounty.gov/en/dept/dnrp/nature-recreation/environment-ecology-conservation/yard-garden/native-plants/native-plant-nurseries-washington,Hima@himanursery.com
https://kingcounty.gov/en/dept/dnrp/nature-recreation/environment-ecology-conservation/yard-garden/native-plants/native-plant-nurseries-washington,johannsgarden@gmail.com
https://kingcounty.gov/en/dept/dnrp/nature-recreation/environment-ecology-conservation/yard-garden/native-plants/native-plant-nurseries-washington,rainierseeds@rainierseeds.com
https://kingcounty.gov/en/dept/dnrp/nature-recreation/environment-ecology-conservation/yard-garden/native-plants/native-plant-nurseries-washington,jbrowne001@centurytel.net
https://kingcounty.gov/en/dept/dnrp/nature-recreation/environment-ecology-conservation/yard-garden/native-plants/native-plant-nurseries-washington,dan@stormlakegrowers.com
https://kingcounty.gov/en/dept/dnrp/nature-recreation/environment-ecology-conservation/yard-garden/native-plants/native-plant-nurseries-washington,sharon@woodscreeknursery.com
https://kingcounty.gov/en/dept/dnrp/nature-recreation/environment-ecology-conservation/yard-garden/native-plants/native-plant-nurseries-washington,info@northwestmeadowscapes.com
https://kingcounty.gov/en/dept/dnrp/nature-recreation/environment-ecology-conservation/yard-garden/native-plants/native-plant-nurseries-washington,bay@plantasnativa.com
https://kingcounty.gov/en/dept/dnrp/nature-recreation/environment-ecology-conservation/yard-garden/native-plants/native-plant-nurseries-washington,mail@burntridgenursery.com
https://kingcounty.gov/en/dept/dnrp/nature-recreation/environment-ecology-conservation/yard-garden/native-plants/native-plant-nurseries-washington,A1land@A1Land.com
https://kingcounty.gov/en/dept/dnrp/nature-recreation/environment-ecology-conservation/yard-garden/native-plants/native-plant-nurseries-washington,sales@briggsnursery.com
https://kingcounty.gov/en/dept/dnrp/nature-recreation/environment-ecology-conservation/yard-garden/native-plants/native-plant-nurseries-washington,kathy@plantsofthewild.com
https://kingcounty.gov/en/dept/dnrp/nature-recreation/environment-ecology-conservation/yard-garden/native-plants/native-plant-nurseries-washington,wean@whidbey.net
https://kingcounty.gov/en/dept/dnrp/nature-recreation/environment-ecology-conservation/yard-garden/native-plants/native-plant-nurseries-washington,support@pacifictopsoils.com
https://kingcounty.gov/en/dept/dnrp/nature-recreation/environment-ecology-conservation/yard-garden/native-plants/native-plant-nurseries-washington,Greg.Rabourn@kingcounty.gov
https://kingcounty.gov/en/dept/dnrp/nature-recreation/environment-ecology-conservation/yard-garden/native-plants/native-plant-nurseries-washington,wildsidegrowers@home.com
https://kingcounty.gov/en/dept/dnrp/nature-recreation/environment-ecology-conservation/yard-garden/native-plants/native-plant-nurseries-washington,firetrail@juno.com
https://kingcounty.gov/en/dept/dnrp/nature-recreation/environment-ecology-conservation/yard-garden/native-plants/native-plant-nurseries-washington,Judith@fancyfronds.com
https://kingcounty.gov/en/dept/dnrp/nature-recreation/environment-ecology-conservation/yard-garden/native-plants/native-plant-nurseries-washington,solutions@ppgn.com
https://kingcounty.gov/en/dept/dnrp/nature-recreation/environment-ecology-conservation/yard-garden/native-plants/native-plant-nurseries-washington,springcreekdpark@aol.com
https://kingcounty.gov/en/dept/dnrp/nature-recreation/environment-ecology-conservation/yard-garden/native-plants/native-plant-nurseries-washington,wildlandsnursery@aol.com
https://kingcounty.gov/en/dept/dnrp/nature-recreation/environment-ecology-conservation/yard-garden/native-plants/native-plant-nurseries-washington,admin@clarksnativetrees.com
https://kingcounty.gov/en/dept/dnrp/nature-recreation/environment-ecology-conservation/yard-garden/native-plants/native-plant-nurseries-washington,thom@pondpumps.com
https://kingcounty.gov/en/dept/dnrp/nature-recreation/environment-ecology-conservation/yard-garden/native-plants/native-plant-nurseries-washington,wabash@nventure.com
https://kingcounty.gov/en/dept/dnrp/nature-recreation/environment-ecology-conservation/yard-garden/native-plants/native-plant-nurseries-washington,mel@derbycanyonnatives.com
https://kingcounty.gov/en/dept/dnrp/nature-recreation/environment-ecology-conservation/yard-garden/native-plants/native-plant-nurseries-washington,forestoration@gmail.com
https://kingcounty.gov/en/dept/dnrp/nature-recreation/environment-ecology-conservation/yard-garden/native-plants/native-plant-nurseries-washington,contact@silvaseed.com
https://www.maine.gov/dacf/php/horticulture/licensednurseries.shtml,dacf@maine.gov
http://cceclinton.org/resources/survey-nursery-greenhouse-cut-flower-grower-impacted-by-covid-19,emh56@cornell.edu
http://cceclinton.org/resources/survey-nursery-greenhouse-cut-flower-grower-impacted-by-covid-19,clinton@cornell.edu
https://www.walnutgrovenursery.com/,akawa@walnutgrovenursery.com
https://kingcounty.gov/en/dept/dnrp/nature-recreation/environment-ecology-conservation/yard-garden/native-plants/native-plant-nurseries-washington,growing@tadpolehaven.com
https://kingcounty.gov/en/dept/dnrp/nature-recreation/environment-ecology-conservation/yard-garden/native-plants/native-plant-nurseries-washington,fastgrowingtrees@yahoo.com
https://kingcounty.gov/en/dept/dnrp/nature-recreation/environment-ecology-conservation/yard-garden/native-plants/native-plant-nurseries-washington,nwcn@aol.com
https://kingcounty.gov/en/dept/dnrp/nature-recreation/environment-ecology-conservation/yard-garden/native-plants/native-plant-nurseries-washington,nnwchristmastrees@tds.net
https://kingcounty.gov/en/dept/dnrp/nature-recreation/environment-ecology-conservation/yard-garden/native-plants/native-plant-nurseries-washington,sunbreaknurseryco@home.com
https://kingcounty.gov/en/dept/dnrp/nature-recreation/environment-ecology-conservation/yard-garden/native-plants/native-plant-nurseries-washington,bnbjohns@attbi.com
https://kingcounty.gov/en/dept/dnrp/nature-recreation/environment-ecology-conservation/yard-garden/native-plants/native-plant-nurseries-washington,woodbrk@harbornet.com
https://kingcounty.gov/en/dept/dnrp/nature-recreation/environment-ecology-conservation/yard-garden/native-plants/native-plant-nurseries-washington,info@fungi.com
https://kingcounty.gov/en/dept/dnrp/nature-recreation/environment-ecology-conservation/yard-garden/native-plants/native-plant-nurseries-washington,desertjewelsnursery@gmail.com
https://kingcounty.gov/en/dept/dnrp/nature-recreation/environment-ecology-conservation/yard-garden/native-plants/native-plant-nurseries-washington,gro_native@hotmail.com
https://kingcounty.gov/en/dept/dnrp/nature-recreation/environment-ecology-conservation/yard-garden/native-plants/native-plant-nurseries-washington,help@raintreenursery.com
https://kingcounty.gov/en/dept/dnrp/nature-recreation/environment-ecology-conservation/yard-garden/native-plants/native-plant-nurseries-washington,natives@olympicnursery.com
https://kingcounty.gov/en/dept/dnrp/nature-recreation/environment-ecology-conservation/yard-garden/native-plants/native-plant-nurseries-washington,gonatives@gmail.com
https://kingcounty.gov/en/dept/dnrp/nature-recreation/environment-ecology-conservation/yard-garden/native-plants/native-plant-nurseries-washington,bridget@oxbow.org
https://kingcounty.gov/en/dept/dnrp/nature-recreation/environment-ecology-conservation/yard-garden/native-plants/native-plant-nurseries-washington,forest@insidepassageseeds.com
https://kingcounty.gov/en/dept/dnrp/nature-recreation/environment-ecology-conservation/yard-garden/native-plants/native-plant-nurseries-washington,lissa@friendlynatives.net
https://kingcounty.gov/en/dept/dnrp/nature-recreation/environment-ecology-conservation/yard-garden/native-plants/native-plant-nurseries-washington,mcdonahb@gmail.com
https://kingcounty.gov/en/dept/dnrp/nature-recreation/environment-ecology-conservation/yard-garden/native-plants/native-plant-nurseries-washington,salesdesk@fourthcornernurseries.com
https://kingcounty.gov/en/dept/dnrp/nature-recreation/environment-ecology-conservation/yard-garden/native-plants/native-plant-nurseries-washington,customerservice@molbaks.com
https://kingcounty.gov/en/dept/dnrp/nature-recreation/environment-ecology-conservation/yard-garden/native-plants/native-plant-nurseries-washington,wacd@ncia.com
https://kingcounty.gov/en/dept/dnrp/nature-recreation/environment-ecology-conservation/yard-garden/native-plants/native-plant-nurseries-washington,info@keepingitgreennursery.com
https://kingcounty.gov/en/dept/dnrp/nature-recreation/environment-ecology-conservation/yard-garden/native-plants/native-plant-nurseries-washington,info@seattlenativeplants.com
https://kingcounty.gov/en/dept/dnrp/nature-recreation/environment-ecology-conservation/yard-garden/native-plants/native-plant-nurseries-washington,arlingtonfarmersmarket@gmail.com
https://kingcounty.gov/en/dept/dnrp/nature-recreation/environment-ecology-conservation/yard-garden/native-plants/native-plant-nurseries-washington,info@soundnativeplants.com
https://kingcounty.gov/en/dept/dnrp/nature-recreation/environment-ecology-conservation/yard-garden/native-plants/native-plant-nurseries-washington,info@treefrogfarm.com
https://kingcounty.gov/en/dept/dnrp/nature-recreation/environment-ecology-conservation/yard-garden/native-plants/native-plant-nurseries-washington,firwood@wildblue.net
https://kingcounty.gov/en/dept/dnrp/nature-recreation/environment-ecology-conservation/yard-garden/native-plants/native-plant-nurseries-washington,terra@stormlakegrowers.com
https://kingcounty.gov/en/dept/dnrp/nature-recreation/environment-ecology-conservation/yard-garden/native-plants/native-plant-nurseries-washington,info@TandLnursery.com
https://kingcounty.gov/en/dept/dnrp/nature-recreation/environment-ecology-conservation/yard-garden/native-plants/native-plant-nurseries-washington,info@cloudmountainfarm.com
https://kingcounty.gov/en/dept/dnrp/nature-recreation/environment-ecology-conservation/yard-garden/native-plants/native-plant-nurseries-washington,classicnursery@msn.com
https://kingcounty.gov/en/dept/dnrp/nature-recreation/environment-ecology-conservation/yard-garden/native-plants/native-plant-nurseries-washington,wildflowersnw@gmail.com
https://kingcounty.gov/en/dept/dnrp/nature-recreation/environment-ecology-conservation/yard-garden/native-plants/native-plant-nurseries-washington,Hima@himanursery.com
https://kingcounty.gov/en/dept/dnrp/nature-recreation/environment-ecology-conservation/yard-garden/native-plants/native-plant-nurseries-washington,johannsgarden@gmail.com
https://kingcounty.gov/en/dept/dnrp/nature-recreation/environment-ecology-conservation/yard-garden/native-plants/native-plant-nurseries-washington,rainierseeds@rainierseeds.com
https://kingcounty.gov/en/dept/dnrp/nature-recreation/environment-ecology-conservation/yard-garden/native-plants/native-plant-nurseries-washington,jbrowne001@centurytel.net
https://kingcounty.gov/en/dept/dnrp/nature-recreation/environment-ecology-conservation/yard-garden/native-plants/native-plant-nurseries-washington,dan@stormlakegrowers.com
https://kingcounty.gov/en/dept/dnrp/nature-recreation/environment-ecology-conservation/yard-garden/native-plants/native-plant-nurseries-washington,sharon@woodscreeknursery.com
https://kingcounty.gov/en/dept/dnrp/nature-recreation/environment-ecology-conservation/yard-garden/native-plants/native-plant-nurseries-washington,info@northwestmeadowscapes.com
https://kingcounty.gov/en/dept/dnrp/nature-recreation/environment-ecology-conservation/yard-garden/native-plants/native-plant-nurseries-washington,bay@plantasnativa.com
https://kingcounty.gov/en/dept/dnrp/nature-recreation/environment-ecology-conservation/yard-garden/native-plants/native-plant-nurseries-washington,mail@burntridgenursery.com
https://kingcounty.gov/en/dept/dnrp/nature-recreation/environment-ecology-conservation/yard-garden/native-plants/native-plant-nurseries-washington,A1land@A1Land.com
https://kingcounty.gov/en/dept/dnrp/nature-recreation/environment-ecology-conservation/yard-garden/native-plants/native-plant-nurseries-washington,sales@briggsnursery.com
https://kingcounty.gov/en/dept/dnrp/nature-recreation/environment-ecology-conservation/yard-garden/native-plants/native-plant-nurseries-washington,kathy@plantsofthewild.com
https://kingcounty.gov/en/dept/dnrp/nature-recreation/environment-ecology-conservation/yard-garden/native-plants/native-plant-nurseries-washington,wean@whidbey.net
https://kingcounty.gov/en/dept/dnrp/nature-recreation/environment-ecology-conservation/yard-garden/native-plants/native-plant-nurseries-washington,support@pacifictopsoils.com
https://kingcounty.gov/en/dept/dnrp/nature-recreation/environment-ecology-conservation/yard-garden/native-plants/native-plant-nurseries-washington,Greg.Rabourn@kingcounty.gov
https://kingcounty.gov/en/dept/dnrp/nature-recreation/environment-ecology-conservation/yard-garden/native-plants/native-plant-nurseries-washington,wildsidegrowers@home.com
https://kingcounty.gov/en/dept/dnrp/nature-recreation/environment-ecology-conservation/yard-garden/native-plants/native-plant-nurseries-washington,firetrail@juno.com
https://kingcounty.gov/en/dept/dnrp/nature-recreation/environment-ecology-conservation/yard-garden/native-plants/native-plant-nurseries-washington,Judith@fancyfronds.com
https://kingcounty.gov/en/dept/dnrp/nature-recreation/environment-ecology-conservation/yard-garden/native-plants/native-plant-nurseries-washington,solutions@ppgn.com
https://kingcounty.gov/en/dept/dnrp/nature-recreation/environment-ecology-conservation/yard-garden/native-plants/native-plant-nurseries-washington,springcreekdpark@aol.com
https://kingcounty.gov/en/dept/dnrp/nature-recreation/environment-ecology-conservation/yard-garden/native-plants/native-plant-nurseries-washington,wildlandsnursery@aol.com
https://kingcounty.gov/en/dept/dnrp/nature-recreation/environment-ecology-conservation/yard-garden/native-plants/native-plant-nurseries-washington,admin@clarksnativetrees.com
https://kingcounty.gov/en/dept/dnrp/nature-recreation/environment-ecology-conservation/yard-garden/native-plants/native-plant-nurseries-washington,thom@pondpumps.com
https://kingcounty.gov/en/dept/dnrp/nature-recreation/environment-ecology-conservation/yard-garden/native-plants/native-plant-nurseries-washington,wabash@nventure.com
https://kingcounty.gov/en/dept/dnrp/nature-recreation/environment-ecology-conservation/yard-garden/native-plants/native-plant-nurseries-washington,mel@derbycanyonnatives.com
https://kingcounty.gov/en/dept/dnrp/nature-recreation/environment-ecology-conservation/yard-garden/native-plants/native-plant-nurseries-washington,forestoration@gmail.com
https://kingcounty.gov/en/dept/dnrp/nature-recreation/environment-ecology-conservation/yard-garden/native-plants/native-plant-nurseries-washington,contact@silvaseed.com
https://www.walnutgrovenursery.com/,akawa@walnutgrovenursery.com
https://www.nurserytrees.com/States/state%20Iowa.htm,info@nurserytrees.com
https://www.peoriagardens.com/,sales@peoriagardens.com
https://www.orchardsnursery.com/,orchardsnursery@gmail.com
https://www.destinationgeauga.com/members/auburn-pointe-greenhouse/,info@destinationgeauga.com
https://vknursery.com/,CorinnaVK@vknursery.com
https://vknursery.com/,MikeV@vknursery.com
https://vknursery.com/,Trudy@vknursery.com
https://vknursery.com/,Jessica@vknursery.com
https://vknursery.com/,sales@vknursery.com
https://vknursery.com/,GerritVK@vknursery.com
https://vknursery.com/,Jack@vknursery.com
https://www.nurserytrees.com/States/state%20Michigan.htm,info@nurserytrees.com
https://familyownedlocallygrown.com/,sales@creachgreenhouse.com
https://sunwestgrowers.com/,tonya@sunwestgrowers.com
https://nurseryguide.com/find_companies/detail/f-b-farms-nursery,sales@fandbfarms.com
https://casetext.com/case/imazio-nursery-inc-v-dania-greenhouses,ndcary@vorys.com
https://www.workhardplanthard.com/plant-travels,workhardplanthard@gmail.com
https://www.workhardplanthard.com/plant-travels,heyhorti@piep.co
https://www.blairgardencenterandgreenhouse.com/,blairgarden@abbnebraska.com
http://extension.msstate.edu/news/feature-story/2023/msu-greenhouse-vegetable-short-course-set-for-feb-27-28,jeff.wilson@msstate.edu
http://extension.msstate.edu/news/feature-story/2023/msu-greenhouse-vegetable-short-course-set-for-feb-27-28,webteam@ext.msstate.edu
https://www.lifga.com/member-industries/,aw242@cornell.edu
https://www.lifga.com/member-industries/,info@lifga.com
https://www.goodfruit.com/farm-finds-strategies-for-welcoming-back-workers/,matt@goodfruit.com
https://arboretumfoundation.org/visit/gift-shop-plants/,info@arboretumfoundation.org
https://sites.uw.edu/seruwnursery/purchase-plants/,sernursery@gmail.com
https://biology.wustl.edu/jeanette-goldfarb-plant-growth-facility,biology@wustl.edu
https://sunwestgrowers.com/,tonya@sunwestgrowers.com
https://www.heritageflowerfarm.com/,bettya@heritageflowerfarm.com
https://eatlocalfirst.org/listing/eatonville-nursery/,howards.sheep@gmail.com
https://doee.dc.gov/sites/default/files/dc/sites/ddoe/page_content/attachments/Local%20Plant%20Nurseries.pdf,2Z@fu.pHQ
https://www.woodscreeknursery.com/,info@woodscreeknursery.com
https://admission.wsu.edu/academics/fos/Public/field.castle?id=7659,Emailamsnider@wsu.edu
https://eatlocalfirst.org/listing/eatonville-nursery/,howards.sheep@gmail.com
https://www.seedcupboardnursery.com/,seedcupboardnursery@gmail.com
https://www.seedcupboardnursery.com/,seedcupfloral@gmail.com
https://www.heritageflowerfarm.com/,bettya@heritageflowerfarm.com
https://gardenwashington.com/,info@wsnla.org
https://www.novaparks.com/parks/meadowlark-botanical-gardens,horticulture@nvrpa.org
https://www.novaparks.com/parks/meadowlark-botanical-gardens,atrium@nvrpa.org
https://www.novaparks.com/parks/meadowlark-botanical-gardens,22039novaparks@nvrpa.org
https://www.novaparks.com/parks/meadowlark-botanical-gardens,meadowlark@nvrpa.org
https://www.usgr.com/home-2-3-2/attachment/greenhouse-flower-production/,usgr@usgr.com
https://www.goodfruit.com/farm-finds-strategies-for-welcoming-back-workers/,matt@goodfruit.com
https://www.usgr.com/home-2-3-2/attachment/greenhouse-flower-production/,usgr@usgr.com
https://www.nurserytrees.com/States/state%20West%20Virginia.htm,info@nurserytrees.com
https://sunfarm.com/,barry@sunfarm.com
https://www.mountainviewfarm.biz/,office@mountainviewfarm.biz
https://www.mountainviewfarm.biz/,office@mountainviewfarm.biz
https://www.davis.wvu.edu/about-davis-college/centers-initiatives/wvu-evansdale-greenhouse,davisinfo@mail.wvu.edu
https://bellnursery.com/contact-us/,humanresources@bellnursery.com
https://www.nativerootsinc.com/about,jen@nativerootsinc.com
https://www.nativerootsinc.com/about,sonia.bingham@nativerootsinc.com
https://bellnursery.com/contact-us/,humanresources@bellnursery.com
https://rhoadsgarden.com/about-us/,flowershop@rhoadsgarden.com
https://www.wittenfarm.com/,wittenfarm@gmail.com
https://rhoadsgarden.com/about-us/,flowershop@rhoadsgarden.com
https://www.wvu.edu/academics/careers/nursery-workers,web_services@mail.wvu.edu
https://www.wittenfarm.com/,wittenfarm@gmail.com
http://www.barndiva.com/blog/2015/9/8/multiple-meanings-of-the-words-to-grow,0100info@barndiva.com
http://www.barndiva.com/blog/2015/9/8/multiple-meanings-of-the-words-to-grow,zoe@fpfarm.com
https://www.wvbg.org/membership/discount-nursery-program/,andrew@archerwv.com
https://www.wvbg.org/membership/discount-nursery-program/,marys@meer.net
https://www.wvbg.org/membership/discount-nursery-program/,info@wvbg.org
https://www.wvbg.org/membership/discount-nursery-program/,info@greenleaflandscapes.com
https://www.wvbg.org/membership/discount-nursery-program/,flowerscapewv@gmail.com
https://www.wvbg.org/membership/discount-nursery-program/,mtzionnursery@gmail.com
https://www.wvbg.org/membership/discount-nursery-program/,trellis@modhomestead.com
https://www.wvbg.org/membership/discount-nursery-program/,grittsmidway@comcast.net
https://www.wvbg.org/membership/discount-nursery-program/,plantnerds@gmail.com
https://www.wvbg.org/membership/discount-nursery-program/,toddmullens@richfarms.com
https://www.wvbg.org/membership/discount-nursery-program/,barry@sunfarm.com
https://www.wvbg.org/membership/discount-nursery-program/,blawns_1@msn.com
https://www.wvbg.org/membership/discount-nursery-program/,michael@biafore.com
https://www.wvbg.org/membership/discount-nursery-program/,homegrownpizzawv@gmail.com
http://www.stanleysgreenhouse.com/our-customers,info@stanleysgreenhouse.com
https://www.qualitygreenhouses.net/,sales@qualitygreenhouses.net
https://www.qualitygreenhouses.net/,orders@qualitygreenhouses.net
https://ngma.com/industry-links/,ads@ngma.com
https://ngma.com/industry-links/,admin@ngma.com
https://ngma.com/industry-links/,membership@ngma.com
https://ngma.com/industry-links/,communications@ngma.com
https://ngma.com/industry-links/,events@ngma.com
https://ngma.com/industry-links/,comm@ngma.com
https://ngma.com/industry-links/,commassoc@ngma.com
https://ngma.com/industry-links/,info@ngma.com
https://www.timeswv.com/news/ffa-greenhouse-educates-and-inspires/article_83ef5660-72c8-11e9-a2e2-b327b78c6827.html,ehrin@timeswv.com
https://www.timeswv.com/news/ffa-greenhouse-educates-and-inspires/article_83ef5660-72c8-11e9-a2e2-b327b78c6827.html,timeswv@timeswv.com
https://www.register-herald.com/news/money/grown-in-a-greenhouse/article_ee14bf23-c048-5f58-9fc9-b3a95085bd98.html,rhnews@register-herald.com
https://vtechworks.lib.vt.edu/bitstream/handle/10919/75461/430-104.pdf,vtechworks@vt.edu
https://downloads.usda.library.cornell.edu/usda-esmis/files/5m60qr88b/765374688/sb397c820/FLO-yearbook-06-23-2006.pdf,ajerardo@ers.usda.gov
https://www.freshfarm.org/blog/farmers-producers/spring-gardening-with-four-seasons-nursery,hello@freshfarm.org
https://www.bobsmarket.com/about-us,ask@bobsmarket.com
https://www.wvgazettemail.com/life/hinton-nursery-tends-to-native-appalachian-plants/article_05f9be34-eb9c-5bbc-83ed-595c4dd71b3b.html,support@wvgazettemail.com
https://onlinebooks.library.upenn.edu/webbin/book/browse?type=lcsubc&key=Horticultural%20products%20industry%20%2D%2D%20West%20Virginia&c=x,onlinebooks@pobox.upenn.edu
https://www.gritts.com/wholesale,info@gritts.com
https://www.onlyinyourstate.com/west-virginia/greenhouse-restaurant-reedsville-wv/,contact@onlyinyourstate.com
https://journals.ashs.org/horttech/view/journals/horttech/29/6/article-p700.xml,webmaster@ashs.org
https://journals.ashs.org/horttech/view/journals/horttech/29/6/article-p700.xml,jsowen@vt.edu
https://www.purdue.edu/hla/sites/cea/greenhouse-management-guidesheets/,knemali@purdue.edu
https://gpnmag.com/article/cover-story-in-pursuit-of-perfection/,frontdesk@greatamericanpublish.com
https://www.planttraps.com/pages/in-store-list,planttraps@gmail.com
https://jgsgreenhouses.com/greenhouse-management-news?page=69&mobilizer=61ef0d29b377fc70e4fbedb8950a6b94/?mobilizer=61ef0d29b377fc70e4fbedb8950a6b94,info@24green.com
https://jgsgreenhouses.com/nursery-management-news?page=26&mobilizer=61ef0d29b377fc70e4fbedb8950a6b94/%3Fmobilizer%3D61ef0d29b377fc70e4fbedb8950a6b94/%3Fmobilizer%3D61ef0d29b377fc70e4fbedb8950a6b94/%3Fmobilizer%3D683ef51feea16f570ce81a8b535c0112/?mobilizer=683ef51feea16f570ce81a8b535c0112,NCNLAsearch@ncnla.com
http://giecdn.blob.core.windows.net/fileuploads/document/2020/12/16/1220_top100poster_for%20digital%20edition.pdf,j@e.Eo
https://www.cwctc.org/index.php/horticulture/,anovickoff@cwctc.org
https://www.wvnews.com/marketplace/the-plant-cult-at-hillside-greenhouse/business_3922023580.html,support@wvnews.com
https://carefarmingnetwork.org/the-network/,carefarm@redwiggler.org
https://agriculture.wv.gov/ag-business/veterans-and-heroes-to-agriculture/,vetstoag@wvda.us
https://agriculture.wv.gov/ag-business/veterans-and-heroes-to-agriculture/,patriotguardens@gmail.com
https://agriculture.wv.gov/ag-business/veterans-and-heroes-to-agriculture/,kcox@wvda.us
https://www.showcasemants.com/directory-library-6955.aspx,GoGreen@LawnandGardenMarketing.org
https://www.planttraps.com/pages/in-store-list,planttraps@gmail.com
https://onlinebooks.library.upenn.edu/webbin/book/browse?type=lcsubc&key=Plants%2C%20Ornamental%20%2D%2D%20West%20Virginia&c=x,onlinebooks@pobox.upenn.edu
https://agriculture.wv.gov/ag-business/veterans-and-heroes-to-agriculture/,vetstoag@wvda.us
https://agriculture.wv.gov/ag-business/veterans-and-heroes-to-agriculture/,patriotguardens@gmail.com
https://agriculture.wv.gov/ag-business/veterans-and-heroes-to-agriculture/,kcox@wvda.us
https://www.bdtonline.com/news/local_news/etter-s-greenhouse-new-owner-ready-with-flowers-gardening-tips/article_ed9c9cd4-e49f-5a9d-8241-45b3e3002656.html,editor@bdtonline.com
https://www.bdtonline.com/news/local_news/etter-s-greenhouse-new-owner-ready-with-flowers-gardening-tips/article_ed9c9cd4-e49f-5a9d-8241-45b3e3002656.html,aelgin@bdtonline.com
https://www.showcasemants.com/directory-library-6955.aspx,GoGreen@LawnandGardenMarketing.org
https://carefarmingnetwork.org/the-network/,carefarm@redwiggler.org
https://www.planttraps.com/pages/in-store-list,planttraps@gmail.com
https://www.timesnews.net/living/features/ask-a-master-gardener-turn-your-winter-garden-into-a-wildlife-sanctuary/article_27b8123e-93a1-11ee-b399-2b2274676ebb.html,helpdesk@timesnews.net
https://www.chronicleonline.com/news/national/houston-elects-john-whitmire-a-texas-lawmaker-who-has-represented-houston-for-50-years-as/article_1e86ee31-418c-5bae-9204-ffc567c3b2eb.html,webadmin@chronicleonline.com
https://www.chronicleonline.com/news/national/houston-elects-john-whitmire-a-texas-lawmaker-who-has-represented-houston-for-50-years-as/article_1e86ee31-418c-5bae-9204-ffc567c3b2eb.html,Home_delivery@chronicleonline.com
http://www.sunsetgardensgreenhouse.com/,22732sunsetgallc@gmail.com
https://www.antonsgreenhouses.com/,ranton@wi.rr.com
https://www.antonsgreenhouses.com/,flwgrower@comcast.net
https://www.annesacresgreenhouse.com/,anne@annesacresgreenhouse.com
https://superiorviewfarm.com/pages/flowers-plants,info@superiorviewfarm.com
https://www.villagegardens.us/,villagegardens54467@gmail.com
https://www.dwyergreens.com/us/,brett@dwyergreens.com
https://www.heritageflowerfarm.com/,bettya@heritageflowerfarm.com
https://www.nurserytrees.com/States/state%20Wisconsin.htm,info@nurserytrees.com
https://www.wintergreenhouse.com/,info@wintergreenhouse.com
https://chippewavalleygrowers.com/,839-8448info@chippewavalleygrowers.com
https://pleasantprairiegreenhouse.com/,greengreenhouse@sbcglobal.net
http://www.shadyacresnursery.com/,ShadyAcresNursery@gmail.com
https://thomasgreenhouse.net/,thomasgreenhouse53149@gmail.com
https://weradtke.com/,253-9122info@weradtke.com
https://fabulouswisconsin.com/wisconsin-homes/wisconsin-greenhouses/,cynthia.sassi@fabulouswisconsin.com
https://rochesterlocal.com/life/guide-to-rochester-area-nurseries-and-greenhouses/,info@rochesterlocal.com
https://www.lakekountry.com/nursery-center-new-richmond-wi-trees-shrubs-flowers-new-richmond-wi/,lakekountry@lakekountry.com
https://rochesterlocal.com/life/guide-to-rochester-area-nurseries-and-greenhouses/,info@rochesterlocal.com
https://baysidegardencenter.com/,info@BaysideGardenCenter.com
https://baysidegardencenter.com/,info@baysidegardencenter.com
https://rensfloral.com/,rensfloralllc@hotmail.com
https://www.heydensgardens.com/,mail@heydensgardens.com
https://www.jniplants.com/,info@jniplants.com
https://www.reuversnursery.com/,info@reuversnursery.com
https://www.qualitygreenhouses.net/,sales@qualitygreenhouses.net
https://www.qualitygreenhouses.net/,orders@qualitygreenhouses.net
https://melsgreengarden.com/2011/04/08/top-10-garden-stores-in-madison-wisconsin/,mel@melsgreengarden.com
https://melsgreengarden.com/2011/04/08/top-10-garden-stores-in-madison-wisconsin/,mel@melsgreengarden.com
https://www.stevenspointarea.com/blog/stories/post/plants-flowers-and-greenhouses/,info@stevenspointarea.com
https://www.northwindperennialfarm.com/,northwindpf@gmail.com
https://www.northwindperennialfarm.com/,northwindpf@gmail.com
https://www.lakekountry.com/nursery-center-new-richmond-wi-trees-shrubs-flowers-new-richmond-wi/,lakekountry@lakekountry.com
https://customgrowngreenhouse.com/index.php/about/,customgrown@gmail.com
https://visitedgertonwi.com/play/clarks-greenhouse-nursery/,757-3171visitedgerton@gmail.com
https://wolfraths.com/,info@wolfraths.com
https://pialasnursery.com/,sales@pialasnursery.com
https://www.gtc.edu/programs/associate-degrees/greenhouse-operations,sscontactcenter@gtc.edu
https://www.rhgardens.com/about-us,rosehillgardens@yahoo.com
https://www.jniplants.com/public-inventory,info@jniplants.com
https://fennimore.com/business-directory/name/hillside-flowers-greenhouse/,promo@fennimore.com
https://www.visitoshkosh.com/blog/stories/post/oshkoshs-bloomin-floral-shops-garden-centers/,info@discoveroshkosh.com
https://www.prairienursery.com/our-story,cs@prairienursery.com
https://ngma.com/industry-links/,ads@ngma.com
https://ngma.com/industry-links/,admin@ngma.com
https://ngma.com/industry-links/,membership@ngma.com
https://ngma.com/industry-links/,communications@ngma.com
https://ngma.com/industry-links/,events@ngma.com
https://ngma.com/industry-links/,comm@ngma.com
https://ngma.com/industry-links/,commassoc@ngma.com
https://ngma.com/industry-links/,info@ngma.com
https://www.northwindperennialfarm.com/,northwindpf@gmail.com
https://www.negreenhouse.org/news,sales@delaneymeetingevent.com.The
https://www.negreenhouse.org/news,sales@delaneymeetingevent.com
https://riversideflorist.com/greenhouse/,info@riversideflorist.com
https://www.wintergreenhouse.com/main_catalog/,info@wintergreenhouse.com
https://www.prairienursery.com/our-story,cs@prairienursery.com
https://explorehillandvalley.com/woodland-valley-farms/,rkpreuss@mwt.net
https://www.twincities.com/2017/05/09/gardening-stores-nurseries-minneapolis-st-paul/,news@pioneerpress.com
https://www.straitgategreenhouses.com/our-history,straitgategreenhouses@gmail.com
https://www.jadasgarden.com/,jada@jadasgarden.com
https://wreathfactoryonline.com/,hello@wreathfactoryonline.com
https://wreathfactoryonline.com/,tocareer@wreathfactoryonline.com
https://www.greenbaypressgazette.com/story/money/2016/04/26/parmentiers-greenhouse-legacy-grows/82948194/,said.kmeinert@pressgazettemedia.com
https://www.stockholmgardens.com/,442-3200Emailstockholm.gardens@gmail.com
https://farmflavor.com/wisconsin/wisconsin-nurseries-provide-plants-for-green-thumbs-across-the-state/,info@farmflavormedia.com
