Scheiderer Farms: Home,https://www.scheidererfarms.com/
Sunnyside Nursery,https://www.sunnysidenursery.net/
"Perris, CA Flower Shops | Local Perris Florists",https://www.flowershopnetwork.com/florists/USA/CA/Perris
Untitled,https://plant.cdfa.ca.gov/nurserylicense/nlscan.asp
List of Nurseries and Garden Centers in California,https://www.nurserytrees.com/States/state%20California.htm
Puritas Nursery & Garden Center,http://puritasnursery.com/
"Petitti Garden Centers | Home & Garden Center, Plant ...",https://www.petittigardencenter.com/
Kollman's Ohio Greenhouse & Garden Center Cleveland ...,https://kollmans.com/
Cavotta's Garden Center - Home,https://cavottas.com/
"RockefellerParkGreenhouse.org - Botanical Garden, Park",https://rockefellerparkgreenhouse.org/
"Top 5 Best Garden Centers In Cleveland, Ohio",https://www.lakewoodexterminating.com/top-5-best-garden-centers-in-cleveland-ohio/
Dayton's Flower and Garden Center |,https://daytonflowerandgarden.com/
