Company Name,Email
Tour True Turf Technologies,sales@gearmore.com
Tour True Turf Technologies,chinookwinds.gl@gmail.com
Tour True Turf Technologies,aslagh@tisd.k12.mi.us
Tour True Turf Technologies,unlautahgreen@aol.com
Tour Turf,info@tourturf.com
Tour Turf Holding LLC,customer-service@radaris.com
Tournament Turf Care LLC,customer-service@radaris.com
Tower Hill Greenhouse,info@nebg.org
Town & Country Florist,town.and.country@snet.net
Town & Country Gdn & Designs,gardenclubofcleveland@gmail.com
Townsend Greenhouse & Nursery,bcdc@mt.net
Townsend Greenhouse & Nursery,myfarm97@yahoo.com
Tracey Greenhouses,customerservices@infoserve.com
Tracie's Garden Ctr,news_alerts@mountvernonnews.com
Traders Turf & Tree LLC,customer-service@radaris.com
Traditions Turf Management,BradC@gardencitymi.orgPU.AG.USA
Tramway Stone & Mulch,example@mail.com
Traveling Greenhouse LLC,675-2681contact@groovyplantsranch.com
Traverse Little Lawn Mntnc,you@domain.com
Travis' Turf & Landscaping LLC,53061travispricelawn@gmail.com
Treasure Coast Orchid Society,floridanativeorchids@gmail.com
Treasures & Pleasures,spreadruak@gmail.com
Tree House,info@plant-house.nl
Tree N Turf,info@treenturfwillmar.com
Treemendous Outdoors & Turf,cara.tharp@agriculture.arkansas.gov
Treichlers Country Greenhouses,stevie@steviestorck.com
Trendy Orchid LLC,info@blue-pagoda.com
Tress Total Turf & Landscape,info@totalturflandscaping.com
Tri State Turf & Landscpg LLC,tse@tristateenterprise.com
Tri State Turf Product,customer-service@radaris.com
Tri State Turf Pros,tse@tristateenterprise.com
Tri-Hull Turf Care Inc,ask-me@agi.alabama.gov
Tri-State Turf Management Inc,tse@tristateenterprise.com
Tri-State Turf SUPPLY LLC,memberservices@tcia.org
Tri-State Turf Svc Inc,tse@tristateenterprise.com
Triad Turf Care LLC,joe.tlsolutions@gmail.com
Triad Turf Care Products Inc,customer-service@radaris.com
Triad Turf Solutions LLC,joe.tlsolutions@gmail.com
Triad Turf Svc LLC,joe.tlsolutions@gmail.com
Triangle Orchid Society,shows@triangleorchidsociety.org
Triangle Turf Care LLC,customer-service@radaris.com
Triangle Turf MGT,info@trianglecc.com
Triangle Turf Tech,info@trianglecc.com
Trigiani's Greenhouse-Flower,stevie@steviestorck.com
Trigon Turf Sciences,Emailinfo@trigonturf.com
Trigon Turf Sciences,bradrholbrook@gmail.com
Trigon Turf Sciences,oscar@trigonturf.com
Trigon Turf Sciences,mbcat1@gmail.com
Trimble's Turf SVC LLC,trimbles@optonline.net
Trinidad Greenhouse & Farms,customer-service@radaris.com
Trinity Turf Inc,246-1847kurt@trinityturf.net
Triple K Seed Farms LLC,info@everde.com
Triple Play Turf Svc LLC,tripleplaylawns@gmail.com
Triple S Greenhouses,info@valleyselectfoods.com
Tropic 1 Orchids Inc,mailbox@dosatronusa.com
Tropic 1 Orchids Inc,sales@ofe-intl.com
Tropic 1 Orchids Inc,bud.spence@knology.net
Tropic 1 Orchids Inc,rttritter@aol.com
Tropic 1 Orchids Inc,laurel_orchids@bellsouth.net
Tropic 1 Orchids Inc,caribplants@att.net
Tropic 1 Orchids Inc,orchidmix@aol.com
Tropic 1 Orchids Inc,LCNMitch@yahoo.com
Tropic 1 Orchids Inc,sales@jimssupplies.com
Tropic 1 Orchids Inc,garrettshabitat@aol.com
Tropic 1 Orchids Inc,maryfisherorchid@aol.com
Tropic 1 Orchids Inc,sales@amazoniaorchidsinc.com
Tropic 1 Orchids Inc,browardorchidsupply@comcast.net
Tropic 1 Orchids Inc,goodwinorchids@aol.com
Tropic 1 Orchids Inc,clanlady@aol.com
Tropic 1 Orchids Inc,banjong_orchids@hotmail.com
Tropic 1 Orchids Inc,sales@krullsmith.com
Tropic 1 Orchids Inc,ginavictor2003@yahoo.com
Tropic 1 Orchids Inc,AdkinsOrchids@bellsouth.net
Tropic 1 Orchids Inc,terry@pineridgeorchids.com
Tropic 1 Orchids Inc,orchidsPF@tampabay.rr.com
Tropic 1 Orchids Inc,rorchids@tampabay.rr.com
Tropic 1 Orchids Inc,info@rforchids.com
Tropic 1 Orchids Inc,orchidswb@aol.com
Tropic 1 Orchids Inc,bloominbig@aol.com
Tropic 1 Orchids Inc,cc@chapmansorchids.com
Tropic 1 Orchids Inc,damorchid@aol.com
Tropic 1 Orchids Inc,ken@tropicalplantproducts.com
Tropic 1 Orchids Inc,smileysorchids@yahoo.com
Tropic 1 Orchids Inc,martinorchids@bellsouth.net
Tropic 1 Orchids Inc,info@plantiolaorquidea.com
Tropic 1 Orchids Inc,orchidspecies@gmail.com
Tropic 1 Orchids Inc,questorchids@aol.com
Tropic 1 Orchids Inc,irorchids@aol.com
Tropic 1 Orchids Inc,maryfisherorchids@aol.com
Tropic 1 Orchids Inc,soroa@att.net
Tropic 1 Orchids Inc,odoms-orchids@worldnet.att.net
Tropic 1 Orchids Inc,Hicksj0430@bellsouth.net
Tropic One Orchids Inc,customer-service@radaris.com
Tropic Turf LLC,testemail@abc.com
Tropical Breeze Orchid Farm,customer-service@radaris.com
Tropical Favorites,vetterplantco@gmail.com
Tropical Gardens,contact@thespruce.com
Tropical Gardens,press@thespruce.com
Tropical Gardens,advertise@dotdashmdp.com
Tropical Grounds,emeraldisland@att.net
Tropical Orchid 2012 Corp,jacob.phelps@gmail.com
Tropical Orchid 2012 Corp,aehinsley@gmail.com
Tropical Orchid Society Inc,customer-service@radaris.com
TRSV Echters Greenhouses,customer-service@radaris.com
Tru Turf,sales@collier-turf-care.co.uk
Tru Turf Consulting LLC,office@turf.at
Tru Turf Consulting LLC,rdeutsch@turf.at
Tru Turf Consulting LLC,pweber@turf.at
Tru Turf Consulting LLC,jbrunner@turf.at
Tru Turf Consulting LLC,fguger@turf.at
Tru Turf Consulting LLC,adohmen@turf.at
Tru Turf Consulting LLC,bfranke@turf.at
Tru Turf Scapes,jaytreeservice@icloud.com
Tru Turf Svc,info@trueturflawn.com
True Turf,info@trueturflawn.com
True-TURF LLC,info@trueturflawn.com
Truf Pros,Membership@montgomerycc.org
Trust Nursery,nursery@tuaropaki.com
Trust Nursery,forestserviceadvice@mpi.govt.nz
Trustworthy Turf LLC,info@ddimeco.com
Truthful Turf LLC,info@trueturflawn.com
TST Turfcare Management LLC,info@trueturflawn.com
TTB Design Group-The Turf Boss,Landscaping1@gmail.com
Ttibc LLC,customer-service@radaris.com
Tualatin Valley Orchids LLC,snuzbud@aol.com
Tualatin Valley Orchids LLC,LAKESIDEPLANTS@AOL.COM
"Tucker, Jay",info@hendersonvillechamber.org
Tucson Turf LLC,jimmie@tucsonturf.com
Tuesley's Greenhouses,customer-service@radaris.com
Tuf Turf,sales@tufturf.ca
Tuff Turf,john@tuffturflandscaping.com
Tuff Turf,info@yourdomain.com
Tuff Turf Hydroseeding,turboturf@hotmail.com
Tuff Turf Inc,john@tuffturflandscaping.com
Tuff Turf Inc,info@yourdomain.com
Tuff Turf Land & Hard Scaping,info@earthturfwood.com
Tuff Turf LLC,info@tuffturfmolebusters.com
Tuff Turf Of Iowa,news@southeastiowaunion.com
Tuff Turf Of Iowa,traciv@iastate.edu
Tulsa Turf Cut LLC,tracytiernanattorney@gmail.com
Tuomey Turfgrass Consulting,info@tuomeyturfgrassconsulting.com
Turbo Turf LLC,Institutionalsanderson@weldoncompany.com
Turf,us.soil@edltm.com
Turf & Agriculture Drone Tech,bennett.709@osu.edu
Turf & Agriculture Drone Tech,pfeifer.6@osu.edu
Turf & Aquatic Ventures LLC,customer-service@radaris.com
Turf & Field Svc,accessibility@rutgers.edu
Turf & Fieldscape LLC,ask-me@agi.alabama.gov
Turf & Gardens LLC,customer-service@radaris.com
Turf & Green Hardscaping LLC,LandscapingGreenturfwa@gmail.com
Turf & Green Hardscaping LLC,Greenturfwa@gmail.com
Turf & Grounds,info@statetechmo.edu
Turf & Hardscapes Of S Florida,info@theplantguy.com
Turf & Irrgtn Solutions LLC,info@turfprollc.com
Turf & Landscape Care,steve@snidertlc.com
Turf & Landscape Inc,18925superiorturf@verizon.net
Turf & Landscape Management,john.dimascio@rgdrage.org
Turf & Landscape Solutions Inc,tips@cnn.com
Turf & Landscape Solutions LLC,cR@J.ly
Turf & Landscape Solutions LLC,T@DQ.zA
Turf & Landscape Specialist,nspardy@harrells.com
Turf & Landscape Specialist,gnicoll@harrells.com
Turf & Lawn Equipment Svc LLC,sales@precision-turf.com
Turf & Lawncare LLC,hirambranch@all-turf.com
Turf & Lawncare LLC,suwaneebranch@all-turf.com
Turf & Lawncare LLC,loganvillebranch@all-turf.com
Turf & Ornamental Tech LLC,turftechnology@gmail.com
Turf & Ornamental Technology,customer-service@radaris.com
Turf & Pest Solutions,Forevergro@att.net
Turf & Recreation Pub Inc,apotal@annexbusinessmedia.com
Turf & Recreation Pub Inc,rlewis@annexbusinessmedia.com
Turf & Recreation Pub Inc,mjiggens@annexbusinessmedia.com
Turf & Recreation Pub Inc,abeswick@annexbusinessmedia.com
Turf & Recreation Pub Inc,amadden@annexbusinessmedia.com
Turf & Recreation Pub Inc,tramsay@annexbusinessmedia.com
Turf & Scape,phall@westfairinc.com
Turf & Scape,dviteri@westfairinc.com
Turf & Scape,prodriguez@westfairinc.com
Turf & Scape,ggouveia@westfairinc.com
Turf & Scape,anne@westfairinc.com
Turf & Scape,nholland@westfairinc.com
Turf & Scape,mconnor@westfairinc.com
Turf & Scape,dvolpacchio@westfairinc.com
Turf & Scape,dcastillo@westfairinc.com
Turf & Scape,bheltzel@westfairinc.com
Turf & Scape,bhanlon@westfairinc.com
Turf & Scape,jmcgown@westfairinc.com
Turf & Scape,cmeaney@westfairinc.com
Turf & Scape,pkatz@westfairinc.com
Turf & Scape,jwayne@westfairinc.com
Turf & Shrubs Solution LLC,Info@PlantSolutionsNJ.com
Turf & Snow Solutions LLC,LawnAndSnowSolutions@gmail.com
Turf & Snow Solutions LLC,ismaila@iecmail.net
Turf & Soil Mgmt Contract Svc,contracts@amenity.co.uk
Turf & Soil Mgmt Contract Svc,259281enquiries@alscontracts.co.uk
Turf & Soil Tech Solutions LLC,andrea@soilsolutions.net
Turf & Stones Etc Inc,marketing@meyersturfandnursery.com
Turf & Supply Co,sales@partac.com
Turf & Surf Gardens,admin@helpfulgardener.com
Turf & Surf Inc,customer-service@radaris.com
Turf & Surf Intl LLC,johnb@earthandturf.com
Turf & Surf Intl LLC,jeb@earthandturf.com
Turf & Surf LLC,example@mail.com
Turf & Surf Management LLC,contact@dailygazette.com
Turf & Tar LLC,countryturfntrail@yahoo.com
Turf & Tender LLC,sales@dakotapeat.com
Turf & Tide LLC,info@agrian.com
Turf & Tree,Emailinfo.pttn@gmail.com
Turf & Tree Doctor,customersupport@heritagepoolplus.com
Turf & Tree Farming Inc,customer-service@radaris.com
Turf & Tree Specialist,info@brooklawnservices.com
Turf & Tree WORX,info@wbachamber.org
Turf & Tundra Outdoor Svc LLC,tundralandscape@gmail.com
Turf & Turbine LLC,info@amiplastics.com
Turf & Twigg LLC,tom@bigtwigtreecare.com
Turf & Twigg LLC,mitch@bigtwigtreecare.com
Turf & Twigg LLC,jon@bigtwigtreecare.com
Turf & Twigg LLC,admin@bigtwigtreecare.com
Turf & Twigg LLC,ryan@bigtwigtreecare.com
Turf & Twigg LLC,phil@bigtwigtreecare.com
Turf & Twigg LLC,rz@bigtwigtreecare.com
Turf & Twigg LLC,kevin@bigtwigtreecare.com
Turf & Twigg LLC,alex@bigtwigtreecare.com
Turf & Twigg LLC,brandon@bigtwigtreecare.com
Turf & Twigs Svc LLC,info@twigsnleaves.com
Turf & Water LLC,info@turfunlimited.com
Turf & Weed Solutions Inc,tampa@plantitearthflorida.com
Turf & Weed Solutions Inc,794-1077tampa@plantitearthflorida.com
Turf 20 Inc,info@dammanns.com
Turf 24 7 LLC,Support@ShellLumber.com
Turf 300 Club,katrina.finley@tulsaworld.com
Turf 360,sports@actglobal.com
Turf 360,xtremegrass@actglobal.com
Turf 360,info@actglobal.com
Turf 360,turfscape@actglobal.com
Turf 360,xtremeturf@actglobal.com
Turf 360,liteearth@actglobal.com
Turf 360,avturf@actglobal.com
Turf Accents,info@watersaversturf.com
Turf Acres,info@flowersezgo.com
Turf Action Lawn Care Systs,sales@wmjames.co.uk
Turf Addict,sales@turfaddict.com
Turf Addict LLC,sales@turfaddict.com
Turf Aid,info@centaur-asiapacific.com
Turf Allegiance,info@allegianceturf.com
Turf Alliance LLC,cit.support@wsu.edu
Turf Allstars,arboretum@ucdavis.edu
Turf Analytics LLC,cs@plantationproducts.com
Turf Appeal,info@landscapeprofessionals.org
Turf Appeal Inc,info@landscapeprofessionals.org
Turf Associates LLC,JohnSmith@stlouissodcompany.com
Turf Associates LLC,JSmith@stlouissodcompany.com
Turf Associates LLC,John@stlouissodcompany.com
Turf Associates LLC,JSmith@stlouissodcompany.com.How
Turf Assurance LLC,420-1163kyle@turfassurancellc.com
Turf Attack,turfattackpgh@gmail.com
Turf Attendants LLC,info@gardenmediagroup.com
Turf Bar,info@georgedaviesturf.co.uk
Turf Barbers LLC,info@turfbarbersmi.com
Turf Biz Inc,info@greenbiznursery.com
Turf Blasters,Robert@TexasHydromulching.com
Turf Blazers,satisfaction@bigtimebattery.com
Turf Blox LLC,masonry@nitterhouse.com
Turf Boss LLC,sales@finetouchservices.com
Turf Brands LLC,cs@plantationproducts.com
Turf Bros LLC,6@S.OP
Turf Bros LLC,w@m.Vk
Turf Bros LLC,v@A.lC
Turf Bros LLC,mpaynephotography@gmail.com
Turf Bros LLC,colin@colinconces.com
Turf Bros LLC,0t@U.aD
Turf Brothers AZ LLC,info@theturfbros.com
Turf Burners LLC,stonegateturf@aol.com
Turf Busters Enterprise,shop@butters.co
Turf Busters Enterprise,shop@butters.co.uk
Turf Care,office@arborcarede.com
Turf Care Inc,services@totalturfcareinc.com
Turf Care LLC,AdvancedTurfCare@gmail.com
Turf Care LLC,ADVANCEDTURFCARE@GMAIL.COM
Turf Care Of CNY LLC,info@brokersnapshot.com
Turf Care Products,apotal@annexbusinessmedia.com
Turf Care Products,rlewis@annexbusinessmedia.com
Turf Care Products,mjiggens@annexbusinessmedia.com
Turf Care Products,abeswick@annexbusinessmedia.com
Turf Care Products,amadden@annexbusinessmedia.com
Turf Care Products,tramsay@annexbusinessmedia.com
Turf Care Supply,dkproducts@dkturf.com
Turf Center,turfcenter@verizon.net
Turf Centers,turfcenters@gmail.com
Turf Central,info@turfcentral.com.au
Turf Circuit LLC,testemail@abc.com
Turf Circuit LLC,support@trellis.law
Turf City,support@architizer.com
Turf Clippers,info@laturfandpaver.com
Turf Cloud Inc,kdoyle@gcsaa.org
Turf Club,psaxena@cpp.edu
Turf Club Landscaping LLC,turftechnology@gmail.com
Turf Co,lindum@turf.co.uk
Turf Co Inc,tips@cnn.com
Turf Co Incthe,lindum@turf.co.uk
Turf Co Of Nevada Inc,front@turfcompany.com
Turf Coast LLC,info@royalcitynursery.com
Turf Colonie LLC,swcoalition@albanycounty.com
Turf Commander LLC,John@turfcommander.com
Turf Commercial Solutions Inc,0236office@planetturf.co
Turf Commercial Solutions Inc,office@planetturf.co
Turf Concepts,office@turfconceptslandscaping.com
Turf Conection,info@turfconnection.net
Turf Connection,info@turfconnection.net
Turf Connection Inc,info@turfconnection.net
Turf Connection LLC,danneberger.1@osu.edu
Turf Connection LLC,jciccolini@northcoastmedia.net
Turf Connection LLC,broddy@northcoastmedia.net
Turf Connection LLC,mneff@yahoo.com
Turf Connection LLC,sjones@northcoastmedia.net
Turf Connection LLC,asanchez-perkins@northcoastmedia.net
Turf Connection LLC,dhannan@northcoastmedia.net
Turf Connection LLC,sfischer@northcoastmedia.net
Turf Connection LLC,jgoodman@northcoastmedia.net
Turf Connection LLC,cmacgregor@northcoastmedia.net
Turf Connection LLC,rdifranco@northcoastmedia.net
Turf Connection LLC,cherrick@northcoastmedia.net
Turf Connection LLC,mpkenna@gmail.com
Turf Consultants,info@advancegrass.com
Turf Control,info@gardencityplastics.com
Turf Control Inc,United@unitedpestandturf.com
Turf Controllers Inc,vosborn@kernturfsupply.com
Turf Controllers Inc,ablanco@kernturfsupply.com
Turf Controllers Inc,seansullivan@kernturfsupply.com
Turf Controllers Inc,ssullivan@kernturfsupply.com
Turf Controllers Inc,drobinson@kernturfsupply.com
Turf Core LLC,info@corelandscapeproducts.ca
Turf Crawler & Logo,sales@farol.co.uk
Turf Crete LLC,LLCinfo@TurfCreteLLC.com
Turf Crop LLC,HR@harrells.com
Turf Crop LLC,Credit@harrells.com
Turf Cutter,info@mrplanthire.co.uk
Turf Cutter,info@mrplanthire.co
Turf Cutters,info@focusplant.uk
Turf Cycle USA LLC,turfcycleusa@gmail.com
Turf Dads Outdoor Svc,info@gardenmediagroup.com
Turf Depot,hello@yourwebsite.com
Turf Depot Inc,info@theturfdepotinc.com
Turf Design,60136hello@turf.design844.TURF.OMG
Turf Design & Assoc LLC,60136hello@turf.design844.TURF.OMG
Turf Design Inc,60136hello@turf.design844.TURF.OMG
Turf Diagnostics,sjfriers@ncsu.edu
Turf Diagnostics,mjbest@ncsu.edu
Turf Direct,enquiries@turfdirect-swansea.co.uk
Turf Dirt & More LLC,solutions@greenhorizonssod.com
Turf DNA LLC,islam57@purdue.edu
Turf Doc LLC,Landscapingturfdoclandscaping@gmail.com
Turf Doctor,turfdoctor@purdue.edu
Turf Doctor,entmwebmaster@purdue.edu
Turf Doctor By Meeker-Sons,sales@gdflowers.com
Turf Doctor Inc,kevinbryant19@gmail.com
Turf Doctor Svc Corp,sales@doctorslawn.com
Turf Doctors,sales@turfmate.com.au
Turf Doctors LLC,customer-service@radaris.com
Turf Dogs,777-0325sales@turfdogs.com
Turf Dr Phil LLC,info@turfdrphil.com
Turf Drain Inc,turf.diagnostics@uoguelph.ca
Turf Drainage Co Of America,dennis@turfdrain.com
Turf Drainage Co Of America,david@turfdrain.com
Turf Drainage Co Of America,zach@turfdrain.com
Turf Drainage Co Of America,penny@turfdrain.com
Turf Drainage Co Of America,richard@turfdrain.com
Turf Drainage Co Of America,mickey@turfdrain.com
Turf Drainage Co Of FL Inc,dennis@turfdrain.com
Turf Drainage Co Of FL Inc,david@turfdrain.com
Turf Drainage Co Of FL Inc,zach@turfdrain.com
Turf Drainage Co Of FL Inc,penny@turfdrain.com
Turf Drainage Co Of FL Inc,richard@turfdrain.com
Turf Drainage Co Of FL Inc,mickey@turfdrain.com
Turf Dudes LLC,info@theplantguy.com
Turf Dynamic LLC,support@turfmanagersllc.com
Turf Dynamics LLC,ehiers@aol.com
Turf Dynamics LLC,earl.hiers@yahoo.com
Turf Edge,info@epicplastics.com
Turf Edge Inc,enquiries@everedge.co.uk
Turf Effects LLC,customer-service@radaris.com
Turf El Paso,Office@turfprossolution.com
Turf Elite NC LLC,caryinfo@supersod.com
Turf Enhancement Enterprises,kmiles@theturftrade.com
Turf Enhancement Enterprises,ompo@aol.com
Turf Enhancement Enterprises,jayco1957@yahoo.com
Turf Enhancement Enterprises,rocketav8or@yahoo.com
Turf Enhancement Enterprises,kip@wilsonoutdoorsolutions.com
Turf Enhancement Enterprises,alonzijoe@gmail.com
Turf Enhancement Enterprises,trueturf@tulsaconnect.com
Turf Enhancement Enterprises,teesilver33@aol.com
Turf Enhancement Enterprises,utahturfsolutions@gmail.com
Turf Enhancement Enterprises,chad.swts@gmail.com
Turf Enhancement Enterprises,mountainstatefloratine@gmail.com
Turf Enhancement Enterprises,jmiturf@msn.com
Turf Enhancement Enterprises,pcarey@northeastnursery.com
Turf Enhancement Enterprises,gotomarkz@gmail.com
Turf Enhancement Enterprises,ben.rutland@austinturf.com
Turf Enhancement Enterprises,chris@windviewathleticfields.com
Turf Enhancement Enterprises,Todd.Edward.Jones@att.net
Turf Enhancement Enterprises,dsturfprods@aol.com
Turf Enhancement Enterprises,tbrannigan@malveseequipment.com
Turf Enhancement Enterprises,admin@grassrootsturfsupply.com
Turf Enhancement Enterprises,anthony.durham@jrmonline.com
Turf Enhancement Enterprises,joeg@sigmaturf.com
Turf Enhancement Enterprises,jimmy.abernathy@jrmonline.com
Turf Enhancement Enterprises,richard@ptsturf.com
Turf Enhancement Enterprises,sales@precisionusa.com
Turf Enhancement Enterprises,dennisjr@doubledturf.com
Turf Enhancement Enterprises,whitcomb24@gmavt.net
Turf Enhancement Enterprises,william@turfcommander.com
Turf Enhancement Enterprises,mikekachurak@walkersupplyinc.com
Turf Enhancement Enterprises,hodgesrash@aol.com
Turf Enhancement Enterprises,dhunter74@sbcglobal.net
Turf Enhancement Enterprises,ledinc@tampabay.rr.com
Turf Enhancement Enterprises,dakotacustomturf@gmail.com
Turf Enhancement Enterprises,mark.benton@jrmonline.com
Turf Enhancement Enterprises,stp@stproots.com
Turf Enhancement Enterprises,joebaggett@agromaxusa.com
Turf Enhancement Enterprises,bullrb@sbcglobal.net
Turf Enhancement Enterprises,sales@jrmonline.com
Turf Enhancement Enterprises,pkelley@advancedturf.net
Turf Enhancement Enterprises,npariseau@verizon.net
Turf Enhancement Enterprises,brentsmith.fctp@gmail.com
Turf Enhancement Enterprises,daina@atlanticgolfandturf.com
Turf Enhancement Enterprises,Office@sportsmetals.com
Turf Enhancement Enterprises,lmsc@cox.net
Turf Enhancement Enterprises,bobby.wall@jrmonline.com
Turf Enhancement Enterprises,aarongoy@gmail.com
Turf Enhancement Enterprises,mike@ftodistributors.com
Turf Enhancement Enterprises,chris@turfandsoil.net
Turf Envy,NZinfo@tigerturf.com
Turf Envy,UsNZinfo@tigerturf.com
Turf Eqp Sup Specialists Inc,info@plantscreative.com
Turf Equipment & Irrgtn Inc,SupplierRegistration@toro.com
Turf Equipment & Irrgtn Inc,pr@toro.com
Turf Equipment & Irrgtn Inc,jobs@thetorocompany.com
Turf Equipment & Irrgtn Inc,community@thetorocompany.com
Turf Equipment & Irrgtn Inc,invest@thetorocompany.com
Turf Equipment Consultants LLC,info@lcsalina.com
Turf Equipment Doctors,sales@turfmate.com.au
Turf Equipment Plus Inc,GWC-GS100_1_2000x@2x.progressive.jpg
Turf Equipment Source,Turfequipments@aol.com
Turf Equipment Svc LLC,sales@precision-turf.com
Turf Escape LLC,info@earthturfwood.com
Turf Evaluations Of Atlanta,hirambranch@all-turf.com
Turf Evaluations Of Atlanta,suwaneebranch@all-turf.com
Turf Evaluations Of Atlanta,loganvillebranch@all-turf.com
Turf Evolutions,you@domain.com
Turf Evolutions Of CA,sjosterman@ucanr.edu
Turf Evolutions Of CA,calag@ucanr.edu
Turf Evolutions Of PA LLC,sjones@northcoastmedia.net
Turf Farm,IdahoPreferred@agri.idaho.gov
Turf Fection,W@d8.ka
Turf Feeding Systems Inc,turffeedingsys@gmail.com
Turf Feeding Systems Inc,mc@turffeeding.com
Turf Fitness,office@liquidlawn.com
Turf Fitness,631-4855josh@liquidlawn.com
Turf Fusion,geraldine@sagedesignstudio.ca
Turf Fusion,design@oharainteriors.com
Turf Galaxy LLC,contact@galaxylandscaping.com
Turf Ganics LLC,info@earthdanceorganics.com
Turf Gear,turfgearamenity@gmail.com
Turf Geeks LLC,mail@tcgardens.com
Turf Girls,sportsfactory14@sky.com
Turf Goddz LLC,info@GreenEarthAgAndTurf.com
Turf Grass Group Inc,Chris.Dacus@gmail.com
Turf Grass Group Inc,jaydeputy@gmail.com
Turf Grass Group Inc,uhpbooks@hawaii.edu
Turf Grass Group Inc,knl@kauanursery.com
Turf Grass Group Inc,coryblumerick@gmail.com
Turf Grass Group Inc,chris.dacus@gmail.com
Turf Grass Group Inc,owens001@hawaii.rr.com
Turf Grass Group Inc,rubens.mauieko@gmail.com
Turf Grass Group Inc,Cheryldacus@yahoo.com
Turf Green,web@turfgreen.com.au
Turf Green Golf LLC,sales@turffactorydirect.com
Turf Green LLC,sandra_baird@georgetowncollege.edu
Turf Green LLC,brooks@cnttravel.com
Turf Green LLC,hrussell@providence-academy.com
Turf Green LLC,insoinfo@abnsp.com
Turf Green LLC,pam.compton@ky.gov
Turf Green LLC,1stallaround@gmail.com
Turf Green LLC,davidstill@capitalendeavors.com
Turf Green LLC,leebracken@gmail.com
Turf Green LLC,ballen@stjohnsinsurance.net
Turf Green LLC,dbaker@retzbaker.com
Turf Green LLC,jardagh3d.illinois@gmail.com
Turf Greens Installation LLC,markhulett@ymail.com
Turf Grinders,customerservice@foleyco.com
Turf Grinders,GoGreen@LawnandGardenMarketing.org
Turf Groomer LLC,sales@turfaddict.com
Turf Grooming Innovations,Richard@pinhaw.com
Turf Group,jlwturfgroupandsupply@outlook.com
Turf Guards LLC,info.turfguardlawnpros@gmail.com
Turf Guru,Inquiriesinfo@astroturfguru.com
Turf Guy,vinny@liturfguy.com
Turf Guy's,vincent@theturfguylasvegas.com
Turf Guy305 LLC,sales@hoffmannursery.com
Turf Guys,team@bark.com
Turf Guys,info@turfguys.ca
Turf Guys Inc,TurfGuysIL@gmail.com
Turf Guyz Of South Florida Inc,info@theplantguy.com
Turf Gypsy LLC,info@arborjet.com
Turf Gypsy LLC,kgrostad7@gmail.com
Turf Hippie Enterprises,ask-me@agi.alabama.gov
Turf Hive LLC,purcellvilless@sscoop.com
Turf House LLC,customer-service@radaris.com
Turf Hydroseed Svc LLC,reviews@thisoldhousereviews.com
Turf Image,wildflower@wildflowerturf.co.uk
Turf Inc,geraldine@sagedesignstudio.ca
Turf Inc,design@oharainteriors.com
Turf Industries LLC,metroturf1@yahoo.com
Turf Innovations,sales@turfinnovations.com
Turf Innovations,GoGreen@LawnandGardenMarketing.org
Turf Innovations Inc,customer-service@radaris.com
Turf Innovations NY Inc,sales@turfinnovations.com
Turf Inspiration LLC,60136hello@turf.design844.TURF.OMG
Turf Installation LLC,markhulett@ymail.com
Turf Installer S Of Ameri,info@easygrass.net
Turf Intelligence LLC,ddepasquale@groupc.com
Turf International,GoGreen@LawnandGardenMarketing.org
Turf International,catherine@atlasturf.com
Turf Iron LLC,Jim@AtlanticDryJect.com
Turf Island Inc,customer-service@radaris.com
Turf It,admin@turfit.com.au
Turf It All LLC,hirambranch@all-turf.com
Turf It All LLC,suwaneebranch@all-turf.com
Turf It All LLC,loganvillebranch@all-turf.com
Turf It Up LLC,nursery@milbergersa.com
Turf It Up LLC,78247nursery@milbergersa.com
Turf Jockey LLC,customer-service@radaris.com
Turf King Enterprises LLC,ask-me@agi.alabama.gov
Turf Kingdom Of South FL LLC,info@topturfartificialgrass.com
Turf Kings Inc,o@H9.iD
Turf Kings Inc,V@yi.Hm
Turf Klips LLC,hello@turfklips.com
Turf Klips LLC,hello@TurfKlips.com
Turf Labor LLC,lewislawnlabor@gmail.com
Turf Land,lindowturf@outlook.com
Turf Land Management Inc,cherrick@northcoastmedia.net
Turf Landscape Co LLC,contact@turfandlandscapeinc.com
Turf Landscaping Inc,craigsperfectturf@verizon.net
Turf Letters,info@lakesletters.co.uk
Turf Life Inc,t.purdum@yahoo.com
Turf Life LLC,customer-service@radaris.com
Turf Line Svc LTD,info@robertplantegreenhouses.com
Turf Line Svc LTD,colin@robertplantegreenhouses.com
Turf Links Inc,Norfolksuper@hotmall.com
Turf Links Inc,herm068@hotmail.com
Turf Links Inc,jfarina@aawillmaterials.com
Turf Links Inc,jheston@verizon.net
Turf Links Inc,pat@framlnghamcc.com
Turf Links Inc,Mstach@dedhamclub.org
Turf Links Inc,grounds@oakhillcc.org
Turf Links Inc,Newtonmalnt@aol.com
Turf Links Inc,l@aol.com
Turf Links Inc,dent@nashuacountryclub.com
Turf Links Inc,Grounds@Essexcc.org
Turf Links Inc,Sbrownell@gcsane.org
Turf Links Inc,fieldday@umassturf.org
Turf Links Inc,mluccinl@aol.com
Turf Links Inc,88@yahoo.com
Turf Links Inc,edowning@aawillmaterials.com
Turf Links Inc,info@svmoffett.com
Turf Links Inc,mgagne@walpolecc.com
Turf Links Inc,Rheller@gcsane.org
Turf LLC,office@myturfllc.com
Turf LLLP,_@c8CQ.Wb
Turf LLP,info@fivesturf.com
Turf LLP,ankit@fivesturf.com
Turf Lux,office@luxpoolsandpatios.com
Turf Madness LLC,support@turfmanagersllc.com
Turf Magic,johnseed@johnstonseed.com
Turf Maintenance,certification@cnla-acpp.ca
Turf Maker Inc,customer-service@radaris.com
Turf Man,example@mail.com
Turf Man LLC,example@mail.com
Turf Management,therightchoice@cvtc.edu
Turf Management & Devmnt Inc,info@advancegrass.com
Turf Management Co,tonymartin@completeturfmanagement.co.uk
Turf Management Ctr,customer-service@radaris.com
Turf Management LLC,jon@omahaturf.com
Turf Management Network,info@PicturePerfectLawn.net
Turf Management Of VA LLC,info@virginiagreen.com
Turf Management Professionals,Office@projectlandscape.ca
Turf Management Pros LLC,info@turfprollc.com
Turf Management Solutions,admin@nztms.co.nz
Turf Management Specialties,SALES@DEWAYNESNURSERY.COM
Turf Management Svc Of Ohio,petrella.21@osu.edu
Turf Management Svc Of Ohio,nangle.1@osu.edu
Turf Management Svc Of Ohio,ati@osu.edu
Turf Management Svc Of Ohio,voltz.5@osu.edu
Turf Management Systems,chris@turfmanagementsystems.com
Turf Mart,Office@turfprossolution.com
Turf Master,you@domain.com
Turf Master LLC,turfmaster@turfmastersod.com
Turf Master Plus,info@prioritytire.com
Turf Masters & Pavers LLC,sales@artificialgrassmasters.com
Turf Masters Inland Empire LP,nativetrees@forfaraz.comwww.forfaraz.com
Turf Masters Inland Empire LP,haltonmastergardeners@gmail.com
Turf Masters Inland Empire LP,Sundaura@acultivatedart.com
Turf Masters Inland Empire LP,7H3nickalexandroff@gmail.com
Turf Masters Inland Empire LP,1X0prairiesongnursery@gmail.com
Turf Masters Inland Empire LP,Catharinesseedboxwildplants@gmail.com
Turf Masters Inland Empire LP,solidagofarm1@gmail.com
Turf Masters Inland Empire LP,HaltonMasterGardeners@gmail.com
Turf Masters Inland Empire LP,s.d.weber.ont@gmail.com
Turf Masters Inland Empire LP,tinroofrustedfarm@gmail.com
Turf Masters Inland Empire LP,info@originnativeplants.com
Turf Masters LLC,turfmastersal@gmail.com
Turf Masters Of America,info@turfmastersbrands.com
Turf Masters Of Monroe County,orick@purdue.edu
Turf Masters Texas,Mark@turfmasterstx.com
Turf Masters Texas,Kristyn@turfmasterstx.com
Turf Masterz,customer-service@radaris.com
Turf MD,sales@turfmdinc.com
Turf MD Inc,sales@turfmdinc.com
Turf Md's LLC,customer-service@radaris.com
Turf Me Up LLC,home@dwntoearth.com
Turf Med LLC,sales@turfmedic.com
Turf Medic,sales@turfmedic.com
Turf Medic LLC,sales@turfmedic.com
Turf Medics Inc,customer-service@radaris.com
Turf Medix Inc,ashleyedgington12@yahoo.com
Turf Medix Inc,ashleyedgington@jabble.com
Turf Medix Inc,angel_0369@hotmail.com
Turf Medix Inc,adam.edgington@yahoo.com
Turf Merchants Inc,Americacontact@seedworldgroup.com
Turf Metrics LLC,info@turfscout.com
Turf Miami LLC,info@turfmiami.com
Turf Monster,info@turfmonstersaz.com
Turf Monster Elite,info@turfmonstersaz.com
Turf Monsters,info@turfmonstersaz.com
Turf Monsters LLC,info@turfmonstersaz.com
Turf Mountain,turfmountain@bellsouth.net
Turf Mountain,GoGreen@LawnandGardenMarketing.org
Turf Mowing & Maintenance LLC,danking@turfbound.com
Turf Music Enterprise LLC,ask-me@agi.alabama.gov
Turf N Scape Grounds & Mntnc,info@landscapeprofessionals.org
Turf N Technology LLC,turftechnology@gmail.com
Turf N Terrain LLC,0882slagsnhvt@gmail.com
Turf N Washington,ansgifts888@yahoo.com
Turf N Washington,hrmanzo@gmail.com
Turf Nerd,mail@TurfNerd.com
Turf Nerds,TurfNerdsPodcast@gmail.com
Turf Nerds,turfnerdspodcast@gmail.com
Turf New York,contact@installartificial.com
Turf Ninjas Outdoor Svc,customerservice@ninjabladeslawn.com
Turf Notes Plus LLC,liz@capitolconsultingct.com
Turf Notes Plus LLC,CTECboard@ctenvironmentalfacts.org
Turf Notes Plus LLC,president@ctenvironmentalfacts.org
Turf Notes Plus LLC,mike@capitolconsultingct.com
Turf Notes Plus LLC,efearn@ctenvironmentalfacts.org
Turf Of America LLC,creative@hunterindustries.com
Turf Of America LLC,tbrogdon@miami.edu
Turf Of Brevard Inc,customer-service@radaris.com
Turf Of Champions,stuart.yarwood@dlf.com
Turf Of Champions,mbell@dlf.co.uk
Turf Of Champions,pseedhouse@dlf.co.uk
Turf Of Champions,csspooner@dlf.co.uk
Turf Of Champions,jadams@dlf.co.uk
Turf Of Champions,ibarnett@dlf.co.uk
Turf Of Champions,phadley@dlf.co.uk
Turf Of Champions,dsmith@dlf.co.uk
Turf Of Champions,Sally.turner@dlf.com
Turf Of Champions,amenity@dlf.co.uk
Turf Office,scott@turfmatters.co.uk
Turf Office,marie@turfmatters.co.uk
Turf Office,tim@turfmatters.co.uk
Turf Office,sinead@turfmatters.co.uk
Turf One Ldscp MGT Group LLC,info@landscapeprofessionals.org
Turf Operation,inquiries@mycorrhizae.com
Turf Operations Houston LLC,ddepasquale@groupc.com
Turf Organics LLC,customer-service@radaris.com
Turf Paradise,Mscerbo@TurfParadise.net
Turf Paradise Inc,ndcary@vorys.com
Turf Paradise LLC,John.Smith@taylorsturfcare.com.How
Turf Paradise LLC,John@taylorsturfcare.com
Turf Paradise LLC,JSmith@taylorsturfcare.com
Turf Paradise LLC,John.Smith@taylorsturfcare.com
Turf Paradise Race Track,ndcary@vorys.com
Turf Patriots LLC,customer-service@radaris.com
Turf Patrol,customerservice@turfpatrol.ca
Turf Patrol Inc,customerservice@turfpatrol.ca
Turf Pilot LTD,turfremoval@resourcecentral.org
Turf Planer,info@chechesseecreekclub.com
Turf Planer,emailinfo@chechesseecreekclub.com
Turf Platoon LLC,customer-service@radaris.com
Turf Play LLC,info@garden-mark.com
Turf Plus,info@turfplusutah.com
Turf Plus Property Svc Inc,info@turfplus.co.uk
Turf Politics LLC,burcreeknsyturf@intrstar.net
Turf Pool & Lawn Consulting,customer-service@radaris.com
Turf Prep,info@turfprep.com
Turf Prep,1-877-774-TURFinfo@turfprep.com
Turf Pro,sales@turfprousa.com
Turf Pro,jfuller@ecofriendlyonline.com
Turf Pro Inc,info@cisleads.com
Turf Pro Installations LLC,office@turfprolandscaping.com
Turf Pro Lawn Care,782-8550info@turfprolawncare.ca
Turf Pro Lawn Care,Usinfo@turfprolawncare.ca
Turf Pro LLC,info@turfprollc.com
Turf Pro Outdoor Svc Inc,TurfProUtica@gmail.com
Turf Pro Outdoor Svc LLC,TurfProUtica@gmail.com
Turf Pro South,example@mail.com
Turf Pro Synthetics,design@oharainteriors.com
Turf Pro's Global LLC,dkarabag@orlandosentinel.com
Turf Pro's Global LLC,rsimmons@orlandosentinel.com
Turf Pro's Global LLC,mskoneki@orlandosentinel.com
Turf Pro's Global LLC,kfluker@orlandosentinel.com
Turf Pro's Global LLC,brobinson@orlandosentinel.com
Turf Pro's Global LLC,janderson@sun-sentinel.com
Turf Pro's Global LLC,caarmstrong@orlandosentinel.com
Turf Producers Assn,info@TurfGrassSod.org
Turf Products,mail@idstyle.com
Turf Products Corp,GoGreen@LawnandGardenMarketing.org
Turf Products Corp,partsdept@turfproductscorp.com
Turf Professional,54241chrishultgren@turfprofessional.net
Turf Professionals Choice Inc,internationalsales@profchoice.com
Turf Professionals Equip Co,Bake60ft6in@aol.com
Turf Professionals Equip Co,X@L.rx
Turf Professionals Equip Co,hintz@bethel.edu
Turf Professionals Equip Co,MWagner@Oregon.UOregon.edu
Turf Professionals Equip Co,CPotts@athletics.tamu.edu
Turf Professionals Equip Co,sdugas@fullerton.edu
Turf Professionals Equip Co,fouty@umich.edu
Turf Professionals Equip Co,sales@covertechfab.com
Turf Professionals Equip Co,info@covermaster.com
Turf Professionals Equip Co,rms@lvcva.com
Turf Professionals Equip Co,Kevin@wpe.com
Turf Professionals Equip Co,info@rettler.com
Turf Professionals Equip Co,ma@earthlink.net
Turf Professionals Equip Co,Jaci@st.omhcoxmail.com
Turf Professionals Equip Co,sspiecha@aol.com
Turf Professionals Equip Co,buc06@co.henrico.va.us
Turf Professionals Equip Co,Lori@iowaturfgrass.org
Turf Professionals Equip Co,STMAHQ@st.omhcoxmail.com
Turf Professionals Equip Co,kafmo@aol.com
Turf Professionals Equip Co,JayW@Seahawks.com
Turf Professionals Equip Co,krone@mobap.edu
Turf Professionals Equip Co,bmurphy@ci.scottsdale.az.us
Turf Pros Inc,turfpros@gmail.com
Turf Pros LLC,Membership@montgomerycc.org
Turf Pros Of Ames LLC,FindAPro@TodaysHomeowner.com
Turf Pros Of Central Ky,info@turfprosolutions.com
Turf Pros Solution,Office@turfprossolution.com
Turf Pros-Cleveland,Office@turfprossolution.com
Turf Protect LLC,marketing@meyersturfandnursery.com
Turf Rail LLC,GoGreen@LawnandGardenMarketing.org
Turf Rangers,egrant@dallasnews.com
Turf Records Inc,customer-service@radaris.com
