BRIZZELL'S FLOWERS,518-783-3131,"562 LOUDON ROAD, NEWTONVILLE, NY 12128"
COCKBURN FARM LLC,845-265-3434,"11611 ROUTE 9, GARRISON, NY 10524"
J&R LANDSCAPING INC,631-324-9174,"221 HAYGROUND ROAD, BRIDGEHAMPTON, NY 11932"
SUSAN BISHOP,315-481-8503,"610 ELM STREET, GROTON, NY 13073"
BROKEN CHIMNEY FARM LLC,646-823-3142,"3529 ROUTE 22, DOVER PLAINS, NY 12522"
MR. MARIUSZ KURYLO,718-813-7894,"100 OHAIRE ROAD, MIDDLETOWN, NY 10941"
QUALITY PARKS,631-473-6760,"322 EAST BROADWAY, PORT JEFFERSON, NY 11777"
TWIN MEADOW FARM,717-821-3002,"609 ROUTE 414, CLYDE, NY 14433"
NICK CAMBARERI,914-666-6163,"91 SUCCABONE RD, BEDFORD HILLS, NY 10507"
CORNELL COOPERATIVE EXTENSION SCHENECTADY COUNTY,518-372-1622,"180 PTL ARTHUR CHAIRES LANE, SCHENECTADY, NY 12308"
KEIL NORMAN NURSERY,631-584-6330,"38A FIFTY ACRE ROAD, ST JAMES, NY 11780"
DARATT FARMS,," RTE 104, STERLING, NY 13156"
NEW STARTS,202-210-9503,"6586 LITTLE JOHN ROAD, BELFAST, NY 14711"
HIGH HOPES FARM,518-284-9709,"229 LEESVILLE CROSS ROAD, SHARON SPRINGS, NY 13459"
TURNBULL NURSERY INC,716-337-3812," BRANT-NO COLLINS, BRANT, NY 14027"
TWIN MAPLE FARM,,"139 LATHERS ROAD, FULTONVILLE, NY 12072"
SEIDOFS TRUCK PATCH FARM,607-656-4519,"3551 STATE HIGHWAY 12, OXFORD, NY 13830"
NATURESCAPES,914-422-9337,"2A MACDONALD AVENUE, ARMONK, NY 10504"
WELLS HOMESTEAD,631-833-4301,"185 PHILLIPS LANE, AQUEBOGUE, NY 11931"
ROCHESTER NW ROTARY INTERACT CLUB,585-732-5803,"1 EDGERTON P EDGERTON PARK, ROCHESTER, NY 14613"
BROWNSON FAMILY FARM,315-378-7851,"8149 BRIDGEPORT KIRKVILLE RD, KIRKVILLE, NY 13082"
DELEA LEASING CORP  DBA DELEA SOD FARMS,631-368-8022," MANOR LN & SOUND AVE CHICHANOW, JAMESPORT, NY 11947"
SEED SONG FARM & CENTER,845-902-8154,"160 ESOPUS AVENUE, KINGSTON, NY 12401"
FRESH MEADOW FARM,845-800-8135,"407 INGRASSIA ROAD, MIDDLETOWN, NY 10940"
WINDY ACRES GREENHOUSE & NURSERY,716-541-4923,"6175 WAGNER ROAD, SPRINGVILLE, NY 14141"
GO NATIVE PERENNIALS,240-626-5209,"3134 EAST LAKE ROAD, SKANEATELES, NY 13152"
NATURE MAIDEN PLANTS,518-205-5672,"116 HILL RD, HOOSICK FALLS, NY 12090"
COYOTE HILL FARM,518-762-7672," LENZ ROAD, JOHNSTOWN, NY 12095"
JAY W GUILD  WHOLESALE GROWER,631-765-5299," RR 36400 NORTH ROAD, PECONIC, NY 11958"
VERDERBER LANDSCAPE NURSERY INC,631-722-4388,"1546 SOUND AVENUE, AQUEBOGUE, NY 11931"
HELLERS FARM,607-967-8321,"1157 COUNTY ROUTE 39, BAINBRIDGE, NY 13733"
CASLER FLOWER FARM & GREENHOUSES LLC,315-822-5135,"895 BABCOCK HILL RD, W WINFIELD, NY 13491"
HILLSIDE GARDENS,315-576-7941,"7526 WHEATON RD, SPRINGWATER, NY 14560"
LAPLANTS LAWN & PROPERTY MTCE,,"7482 OLD LYONS RD, LYONS, NY 14489"
TROMBLEES GREENHOUSE + GIFTS,518-586-4511,"2961 NYS ROUTE 9N, CROWN POINT, NY 12928"
DELI-ROCK ACRES,716-498-1973,"11201 MARBLE SPRINGS ROAD, DELEVAN, NY 14042"
COUNTRYSIDE NURSERY,607-243-3895,"6100 ROUTE 14A, ROCK STREAM, NY 14878"
R. M. PUTNEY & ASSOCIATES INC. DBA IMPACT EARTH,,"2257 COUNTY RD 4, STANLEY, NY 14561"
JUDSONS FARM MARKET,845-832-6286,"3255 PLEASANT RIDGE ROAD, WINGDALE, NY 12594"
STEVES GREENHOUSE LLC,607-746-6006,"37784 STATE HIGHWAY 10, HAMDEN, NY 13782"
GRASSE RIVER HEMP,315-212-6002,"6900 CR 27, CANTON, NY 13617"
OUR LITTLE GREWVE FARMS,,"2202 COUNTY RT 21, HERMON, NY 13652"
AUGUSTINE BROS CORP,845-338-4931,"23 CORA TERRACE, KINGSTON, NY 12401"
KURTZ GREENHOUSE,,"2382 NEWCOMB ROAD, ADDISON, NY 14801"
FOREVERGREEN FARMSRUS INC,607-228-3500,"397 E MAINE RD, JOHNSON CITY, NY 13790"
HIDDEN SPRINGS TREE FARM LLC,607-525-6456,"201 CADY ROAD, TROUPSBURG, NY 14885"
WILD THINGS RESCUE NURSERY,518-4419823,"209 BRUNDIGE ROAD, VALLEY FALLS, NY 12185"
VAN HOUTEN FARMS LLC,845-735-4689,"68 SICKLETOWN ROAD, ORANGEBURG, NY 10962"
REXCROFT FARM,518-821-8709,"389 LEEDS-ATHENS ROAD, ATHENS, NY 12015"
PINE VIEW GREENHOUSE,315-858-2089,"263 DUGAN ROAD, RICHFIELD SPINGS, NY 13439"
HILL TOP GREENHOUSE,,"371 ANDERSON ROAD, SPRAKERS, NY 12166"
ALFREDO LDC,914-666-3950,"620 ARMONK ROAD, MT KISCO, NY 10549"
ENGELKE FARMS AND GARDEN,518-4784939,"463 GARFIELD ROAD, TROY, NY 12180"
WHISKEY HOLLOW STATION,315-530-8671,"7496 KINGDOM ROAD, BALDWINSVILLE, NY 13027"
NORTH SHORE NATIVES,315-675-9892,"351 COOK ROAD, BERNHARDS BAY, NY 13028"
GAKWIYO GARDENS,,"3203 E BAYARD ST, SENECA FALLS, NY 13148"
ROBERT BLUNT,315-841-4804,"2705 STATE ROUTE 315, DEANSBORO, NY 13328"
HIGH BID FARM,585-637-0656,"550 BEADLE RD, BROCKPORT, NY 14420"
SAMASCOTT ORCHARDS LLC,518-758-9292,"65 CHATHAM STREET, KINDERHOOK, NY 12106"
COLWELLS FRM MKT&GDNCTR,315-376-7402,"6007 STATE ROUTE 12, GLENFIELD, NY 13343"
LAXTONS FLORIST&NURSERY,315-685-6427,"2354 WEST LAKE ROAD, SKANEATELES, NY 13152"
BROADVIEW GARDENS EH INC,631-537-0051,"85 WAINSCOTT MAIN ST, WAINSCOTT, NY 11975"
NORMANDIE FARM,585-493-5614,"5998 SCHOOL ROAD, CASTILE, NY 14427"
A & J FARM & GREENHOUSE,716-741-2025,"8600 COUNTY ROAD, EAST AMHERST, NY 14051"
CORALS CORNER AND CONES,518-337-6643,"454 COUNTY ROUTE 60, CAMBRIDGE, NY 12816"
MILL POND EVGRN NUR,315-532-2665," ONIONVILLE ROAD, MARTVILLE, NY 13111"
LESTER W. HOOVER,585-554-6962,"4090 VOORHEES ROAD, MIDDLESEX, NY 14507"
SQUARE ROOTS URBAN GROWERS INC,740-837-6687,"630 FLUSHING AVENUE, BROOKLYN, NY 11206"
JAMESPORT GREENHOUSES,631-722-4927,"172 HERRICKS LANE, JAMESPORT, NY 11947"
NORMAN HOLTZ,607-843-9848,"28 STATE STREET, OXFORD, NY 13830"
OLD ORCHARD GREENHOUSE & NURSERY,716-713-3429,"494 COMMERCIAL STREET, FARNHAM, NY 14061"
DRIFTWOOD FARMS LLC,631-204-0001,"35675 MAIN ROAD, ORIENT, NY 11957"
MAJOR BLOSSOM FARM INC,917-250-0626,"5098 RT 17M, NEW HAMPTON, NY 10958"
DICKMAN FARMS LLC,315-253-3030,"13 ARCHIE STREET, AUBURN, NY 13021"
VICTOR CHRISTMAS TREE FARM,585-924-2079,"1619 MURRAY ROAD, VICTOR, NY 14564"
THE ENGLISH GARDENER LTD,716-833-8000,"1400 KENSINGTON AVENUE, BUFFALO, NY 14215"
CEMETERY FLORAL COMPANY,914-769-2186,"11 W STEVENS AVE, HAWTHORNE, NY 10532"
SUJECKI FARMS & NURSERIES,631-793-8741,"3000 MIDDLE COUNTRY ROAD, CALVERTON, NY 11933"
CROSS CREEK NURSERY INC,315-682-1118,"8415 CAZENOVIA ROAD, MANLIUS, NY 13104"
ZIMMERMAN FLOYD,585-554-4295,"4175 ROUTE 247, CANANDAIGUA, NY 14424"
NATURAL IMAGES NURSERY,631-734-5976,"34800 NORTH ROAD, PECONIC, NY 11958"
COASTAL GREENHOUSES LLC,631-727-1980,"1675 EDWARDS AVENUE, CALVERTON, NY 11933"
FIG TREES AND FLOWERS,631-902-2022,"18 FRADELOS STREET, PORT JEFFERSON STA, NY 11776"
HAWK DANCE FARM,518-325-1430,"362 RODMAN ROAD, HILLSDALE, NY 12529"
GARFIELD ROAD GREENHOUSE,716-665-6222,"2713 GARFIELD ROAD, JAMESTOWN, NY 14701"
GALLETTAS GREENHOUSE,315-343-0879,"60 COUNTY ROUTE 20, OSWEGO, NY 13126"
MITCHELLS ROME PRODUCE,315-337-3984,"6964 SOUTH JAMES STREET, ROME, NY 13440"
SAMS BARGAIN CENTER INC,631-878-2889," HEAD OF NECK ROAD, MANORVILLE, NY 11949"
MARTIN PLANT FARM,716-532-2977,"14466 JENNINGS ROAD, COLLINS, NY 14034"
BIODOME PROJECT,716-489-7668,"207 PINE STREET, JAMESTOWN, NY 14701"
ALTAMONT CTRY VALUESINC,518-861-8061,"106 PROSPECT TERRACE, ALTAMONT, NY 12009"
GREEN MERCHANT GARDENING AND HYDROPONICS,607-346-2952,"130 WEST MORRIS STREET, BATH, NY 14810"
DAVENPORT FARMS,845-687-0051,"3411 US  HIGHWAY 209, STONE RIDGE, NY 12484"
GARYS NURSERY,401-787-2453,"186 COLEBROOK ROAD, GANSEVOORT, NY 12831"
LANDSCAPE DETAILS INCORPORATED,631-725-0018,"3885 MIDDLE COUNTRY ROAD, CALVERTON, NY 11933"
NORWHITE SPRUCE FARM LLC,585-309-5638,"5000 COUNTY ROAD 37, HEMLOCK, NY 14466"
GROUNDWORK MARKET GARDEN INC,716-908-7396,"1698 GENESEE ST, BUFFALO, NY 14211"
PANEKS PICKIN PATCH,585-589-6155,"13420 COUNTY HOUSE ROAD, ALBION, NY 14411"
LIESE FARM,585-638-8826,"17100 GULF RD, HOLLEY, NY 14470"
NY BOTANICAL GARDEN THE,718-817-8043,"2900 SOUTHERN BLVD, BRONX, NY 10458"
GALLEAS TROPICAL GRNHSE,716-586-3017," 2832 CLOVER STREET, PITTSFORD, NY 14534"
WYCKOFF,607-280-1413,"3795 CTY ROAD 139, OVID, NY 14521"
GROWING FAMILY FARMS,585-301-5926,"602 PECK ROAD, SPENCERPORT, NY 14559"
THE FARM AT MILLERS CROSSING - SELL,518-851-2331,"170 ROUTE 217, HUDSON, NY 12534"
OLD WESTBURY GDNS INC,516-333-0048,"71 OLD WESTBURY ROAD BOX 430, OLD WESTBURY, NY 11568"
RUDY SHETLER,,"1941 STATE ROUTE 26, ORISKANY FALLS, NY 13425"
SIMMONS FARM,315-767-0240,"10188 ST RT 12, COPENHAGEN, NY 13626"
CASSIM FARMS - HATS N THINGS,315-539-2951,"3581 YOST ROAD, WATERLOO, NY 13165"
STONEY ACRES FARM,607-622-5469,"7499 STATE ROUTE 415, BATH, NY 14810"
BAMBI BOYCE,845-496-1909,"255 WOODCOCK MTN RD, SALISBURY MILLS, NY 12577"
MILLERTON NURSERY & GARDEN SHOP INC,518-789-3771,"5600 ROUTE 22, MILLERTON, NY 12546"
GOOSEBERRY FARM,518-235-0632,"48 WETSEL ROAD, TROY, NY 12182"
RICHARD LIPSKY,315-690-6458,"4784 STATE ROUTE 80, TULLY, NY 13159"
PARK LANE DAYLILIES,716-392-1233,"5991 PARK LANE, OLCOTT, NY 14126"
MIDWAY GARDEN CENTER LLC,716-386-5113,"4876 ROUTE 430, DEWITTVILLE, NY 14728"
SCHICHTELS NURSERY INC,716-592-9383," PETERS ROAD, SPRINGVILLE, NY 14141"
ONE NATURE LLC,845-440-1677,"79 FARMSTEAD LANE, WAPPINGERS FALLS, NY 12590"
DISTINGUISHED FARMS LLC,315-254-7132,"4263 ABBEY ROAD, SYRACUSE, NY 13215"
"HODGSON FARMS, LLC",845-629-6762,"3345 RIVER ROAD, DOWNSVILLE, NY 13755"
R&R GREENHOUSE,,"386 AUSTIN RIDGE ROAD, NORWOOD, NY 13668"
NORTH FORK NATIVE PLANTS INC,631-298-6571,"345 SOUND AVENUE, MATTITUCK, NY 11952"
SCHUYLER FARMS,518-695-5308,"1124 ROUTE 29, SCHUYLERVILLE, NY 12871"
BELLS CHRISTMAS TREES LLC,845-532-1886,"647 METTACAHONTS ROAD, ACCORD, NY 12404"
SILVERLEAF GRNHSES INC,914-4750141,"2736 STATE ROUTE 208, WALDEN, NY 12586"
FUN ACRES HERB FARM,315-794-8072,"209 PARK HILL RD, ERIN, NY 14838"
RIVER RUN TREE FARMS,914-669-9453,"329 JUNCTION RD, HOWES CAVE, NY 12092"
SCHWEIZER CONRAD DR NRS,718-351-0917,"2051 RICHMOND RD, STATEN ISLAND, NY 10306"
SAUDERS GREENHOUSE,585-554-4553,"3986 FERGUSON CORNER RD, RUSHVILLE, NY 14544"
TOWN & COUNTRY ENTERPRISES INC,585-872-5073,"1367 ALLEN ROAD, PENFIELD, NY 14526"
ACADIAN FARM,518-993-3967,"259 TILLBORO ROAD, ST JOHNSVILLE, NY 13452"
MOELIUS FARMS,631-745-4853,"1928 NYS ROUTE 12, BINGHAMTON, NY 13901"
SARATOGA SOD FARM INC,518-664-5038,"647 STILLWATER BRIDGE ROAD, SCHAGHTICOKE, NY 12154"
MAHONEY STEPHEN INC,631-324-6574,"162 LONG LANE, EAST HAMPTON, NY 11937"
MOORE CHRISTMAS TREE FARM,607-533-7394,"575 AUBURN ROAD ROUTE 34, GROTON, NY 13073"
FULLY ROOTED INCORPORATED,716-866-2127,"89 ELM STREET, TONAWANDA, NY 14150"
GOLBEN FARMS,845-651-1954,"142 SOUTH MAIN STREET, FLORIDA, NY 10921"
LAKESIDE SOD SPLY CO IN,716-741-2877," LAURIDSEN FARM-MCNEELEY ROAD, CLARENCE CENTER, NY 14032"
SCHICHTELS NURSERY INC,,"9987 RT 39, SPRINGVILLE, NY 14141"
MAPLE RUN FARM,607-535-2132,"4341 RT 14A, ROCK STREAM, NY 14878"
WARNER NURSERY LLC,631-727-1336,"2674 SOUND AVENUE, CALVERTON, NY 11933"
BRALEY FARM,518-392-1849,"1280 STATE ROUTE 203, CHATHAM, NY 12037"
JC & PC CORP DBA CERES FARM,516-974-8630,"371 SMITH RIDGE ROAD, SOUTH SALEM, NY 10590"
SKY-HIGH TURF FARM,315-687-6510,"583 PECK ROAD, KIRKVILLE, NY 13082"
WOODSIDE NURSERY INC,631-758-1491,"134 EAST WOODSIDE AVENUE, PATCHOGUE, NY 11772"
GAJESKI PRODUCE,516-819-7099,"1997 MAIN RD, LAUREL, NY 11948"
BAYPORT FLOWER HOUSES,631-472-0014,"940 MONTAUK HIGHWAY, BAYPORT, NY 11705"
BONNIE PLANTS LLC,334-467-3313,"95 ORVILLE DRIVE, BOHEMIA, NY 11716"
HOOVER HOWARD,315-536-3192,"2849 SWARTHOUT ROAD, PENN YAN, NY 14527"
BUD'S FLORIST & GREENHOUSE LLC,518-732-7563,"1614 ROUTE 9, CASTLETON ON HUDSON, NY 12033"
CRIMSON VALLEY NURSERY,518-650-5207,"103 FLAT BUSH ROAD, WEST COXSACKIE, NY 12192"
ACOCELLA LANDSCAPINGLTD,914-725-2272,"659 WILMOT ROAD, SCARSDALE, NY 10583"
KELLY WHOLESALE NURSERY,315-548-2151," EAGLE STREET, PHELPS, NY 14532"
JUDY'S FALLSBURG GARDEN/I ZAKARIN & SONS INC,845-434-4430,"5296 ROUTE 42, SOUTH FALLSBURG, NY 12779"
DANIEL AND MARY KING,518-568-5972,"220 BUSH ROAD, FORT PLAIN, NY 13339"
TROYERS GREENHOUSE,716-782-4887,"1669 WEEKS ROAD, PANAMA, NY 14767"
PAPER POTTED PLANTS,631-327-3259,"361 DARE ROAD, SELDEN, NY 11784"
VALLEY FARM MARKET,585-554-3455,"441 STATE ROUTE 245, RUSHVILLE, NY 14544"
STEVEN DUBNER LANDSCAPING,516-779-3861,"0 WEST SOUTH STREET, MANORVILLE, NY 11949"
USHER FARM,518-359-7473,"102 UNDERWOOD ROAD, TUPPER LAKE, NY 12986"
BATAVIA TURF LLC,585-548-2552,"6465 TRANSIT ROAD, ELBA, NY 14058"
WATERTOWN GARDEN CENTER & LANDSCAPE SUPPLY INC,315-921-5253,"17940 US RT 11, WATERTOWN, NY 13601"
SHIRK NATHANIEL & ARLENE,607-243-7399,"1864 ROUTE 230, DUNDEE, NY 14837"
MENDON ACRES,,"4287 CLOVER STREET, HONEOYE FALLS, NY 14472"
C. CHRIST FARM,585-507-7900,"2241 PETERSMITH ROAD, KENT, NY 14477"
BLUE HERON FARM,607-582-6336,"1641 SHAW ROAD, LODI, NY 14860"
SHALEBROOK LANDSCAPING INC.,607-280-6171,"109 BUNDY RD., ITHACA, NY 14850"
CHATHAM HARDWARE INC,518-392-3441,"1 HOFFMAN ST, CHATHAM, NY 12037"
TRI VALLEY CENTRAL SCHOOL,845-985-2296,"34 MOORE HILL ROAD, GRAHAMSVILLE, NY 12740"
DURGIN FAMILY FARM LLC,585-359-0951,"1175 MARTIN ROAD, WEST HENRIETTA, NY 14586"
FOREVERGREEN FARMSRUS INC,607-227-3500,"368 TIONA RD, NEWARK VALLEY, NY 13811"
CHANGING SEASONS,607-293-6184,"3762 STATE HIGHWAY 205N, HARTWICK, NY 13348"
COLONIAL ACRES NURSERY,518-456-5348,"2552 WESTERN AVENUE, ALTAMONT, NY 12009"
LANS FLOWER FARM INC,315-688-8584,"4913 NYS ROUTE 31, CLAY, NY 13041"
SWEET HARVEST FARMS,518-596-8697,"911 BEADLE HILL ROAD, VALLEY FALLS, NY 12185"
NORTH WINDS LAVENDER FARM,845-216-8722,"253 BUNDY HILL ROAD, HOLMES, NY 12531"
FLOWER HILL FARM,315-525-1559,"11785 STATE ROUTE 12, BOONVILLE, NY 13309"
PAINTED DAISY THE,607-773-4838,"1 GEE STREET, BINGHAMTON, NY 13903"
SAF NY REALTY CO LLC,518-658-2729,"16 SATTERLEE HOLLOW ROAD, BERLIN, NY 12022"
ADK GROWERS LLC,315-328-4482,"304 WILSON ROAD, SAINT REGIS FALLS, NY 12980"
NATURAL LANDWORKS,716-537-2927,"12022 HUMPHRIES ROAD, HOLLAND, NY 14080"
STANFARM,585-313-3070,"824 JENKINS ROAD, CHURCHVILLE, NY 14428"
MANDALA FARM LLC,718-619-5051,"77 PLYMOUTH RD, STATEN ISLAND, NY 10314"
"SELECT HORTICULTURE, INC.",,"6 POUND RIDGE ROAD, POUND RIDGE, NY 10576"
BIRD SONG FARM,,"35796 ST HWY 10, HAMDEN, NY 13782"
NORTHVIEW GREENHOUSES LLC,585-404-8795,"10131 RUNYON RD, DANSVILLE, NY 14437"
COLOR BY NATURE,716-537-3734,"10179 WARNER GULF ROAD, HOLLAND, NY 14080"
ALAN FRANKES NURSERY,315-926-5128,"4169 HALL CENTER RD/441 FARM, WALWORTH, NY 14568"
BUTTENSCHON TREE FARM,315-865-4849,"9663 LUKE ROAD, MARCY, NY 13403"
KURT WEISS GREENHOUSES INC,631-878-2500," PO BOX 641, CENTER MORICHES, NY 11934"
BLOOMS FLOWER FARM,315-673-2092,"3243 FOX ROAD, SYRACUSE, NY 13215"
BARBATO NURSERY CORPORATION,631-285-6767," SOUND AVE / WILDWOOD PARK, CALVERTON, NY 11933"
AMY'S GARDENSTEAD,315-345-4659,"9240 SHUBA ROAD, FULTON, NY 13069"
GOOD EARTH GREENHOUSE,585-500-5744,"877 LARUE ROAD, CLIFTON SPRINGS, NY 14432"
ALMETERS TREE FARM,585-652-0798,"2764 DUTCH HOLLOW ROAD, STRYKERSVILLE, NY 14145"
BROCCOLO GARDEN CENTER,585-424-4476,"2755 PENFIELD ROAD, FAIRPORT, NY 14450"
HERRICKS LANE FARM LLC,631-722-2293,"81 HERRICKS LANE, RIVERHEAD, NY 11901"
LEPANTO FLORIST LTD,212-929-4226,"110 WEST 17TH ST, NEW YORK, NY 10011"
SCHICHTELS NURSERY INC,716-592-9383,"11410 ROUTE 39, EAST CONCORD, NY 14055"
LONGWOOD FRMS & NUR INC,631-757-4837,"149 LONGWOOD ROAD, MIDDLE ISLAND, NY 11953"
HENRY KENNETH A&SONSINC,716-649-1138,"6951 GOWANDA STATE ROAD, HAMBURG, NY 14075"
KABZAS VEGETABLE FARM,716-649-8893,"3587 PLEASANT AVENUE, HAMBURG, NY 14075"
GREENLAND LANDSCAPE INC,631-368-7182," GREENLAND LNDCSP 292 TOWNLINE, COMMACK, NY 11725"
TRACY BS MARKET INC,585-867-0360,"8041 EAST MAIN STREET, LE ROY, NY 14482"
AMBROSE BLACK WALNUT TREES,518-563-7942,"16 A LOZIER PLACE, PLATTSBURGH, NY 12901"
JANS GREENHOUSE,518-282-0057,"13 KRALL ROAD, HAMPTON, NY 12837"
ADAMS MARK GREENHOUSES INC,845-471-8655,"759 DUTCHESS TURNPIKE, POUGHKEEPSIE, NY 12603"
MAWS FARM,315-985-0088,"7342 MAIN ST, NEWPORT, NY 13416"
WILMA YODER,,"6335 COUNTY HWY 18, WEST WINFIELD, NY 13491"
FEURA FARM,518-966-5797," SR32 & CR406-STANTONS OLD HMST, GREENVILLE, NY 12083"
GARDENS BY TRISTA INC,607-588-6762,"153 POLAN HILL ROAD, GILBOA, NY 12076"
BRADT TREE FARMS,716-754-4425,"470 PLETCHER RD, LEWISTON, NY 14092"
ERIC JOHNSON & SONS,518-784-3907,"403 MAPLE LANE, VALATIE, NY 12184"
FRUIT CONNECTIONS LLC,585-364-8879,"977 ROUTES 5 & 20, GENEVA, NY 14456"
DELRES GREENHOUSE & GARDEN CENTER,585-343-1038,"4062 WEST MAIN ST, BATAVIA, NY 14020"
DEES NURSERY INC,516-678-3535,"69 ATLANTIC AVENUE, OCEANSIDE, NY 11572"
ABNER ZOOK,518-603-1414,"311 R. DILLENBECK ROAD, FORT PLAIN, NY 13339"
S AND R TREE FARM LLC,585-362-7927,"5823 SOUTH LIVONIA ROAD, CONESUS, NY 14435"
RAGING WINDS FARM,585-335-2963,"7906 KYSORVILLE BYERSVILLE RD, DANSVILLE, NY 14437"
HIDDEN SPRINGS TREE FARM LLC - GROW,607-525-6456," BINES HILL ROAD, ANDOVER, NY 14806"
RADLIFF HOLLOW FARM,518-673-4877,"210 WEST LYKERS ROAD, CANAJOHARIE, NY 13317"
Z'S NUTTY RIDGE LLC,607-310-1318,"5296 TOWN LINE ROAD, MC GRAW, NY 13101"
THE SUNSHINE SHOP,631-472-0531,"482 SYLVAN AVENUE, BAYPORT, NY 11705"
MANDEVILLE FARM,607-589-4399,"894 ITHACA RD, SPENCER, NY 14883"
SKY-HIGH TURF FARM,315-687-6510," ROUTE 31, BRIDGEPORT, NY 13030"
SENECA GREENHOUSE,716-677-0681,"6581 SENECA STREET, ELMA, NY 14059"
BERKSHIRE NURSERY AND SUPPLY CORP,845-878-9383,"2714 ROUTE 22, PATTERSON, NY 12563"
SHADY MAPLE GREENHOUSE AND PRODUCE,518-993-4589,"563 VAN DEWERKER ROAD, CHERRY VALLEY, NY 13320"
V K ORCHIDS LLC,845-278-7111," ROUTE 22-1460, BREWSTER, NY 10509"
FOREVERGREENS,716-560-8004,"11398 BOLTON ROAD, SPRINGVILLE, NY 14141"
JOSEPH P MOLL AND SONS PLANT COMPANY LLC,315-576-6952,"6973 TUCKAHOE RD, WILLIAMSON, NY 14589"
LAWRENCE BRUBAKER,315-536-0953,"1591 GUYANOGA ROAD, PENN YAN, NY 14527"
MARCELLUS NURSERY INC,315-488-2632," HOYT ROAD, MARCELLUS, NY 13108"
D'ARTAGNAN FARMS FOUNDATION,973-344-0565,"221 CRAIGVILLE ROAD, GOSHEN, NY 10924"
WOOD CREEK HERB FARM,315-225-2906,"3995 WOOD CREEK ROAD, ROME, NY 13440"
SCHENECTADY CO SWCD FARM PROJECT,518-399-6980,"180 PTL ARTHUR CHAIRES LANE, SCHENECTADY, NY 12309"
MANUEL FERNANDEZ SR.,607-746-6077,"3 ROBINSON ROAD, HAMDEN, NY 13782"
SCHADER FARMS,315-440-7935,"82 GRANT ROAD, WILLIAMSTOWN, NY 13493"
MOHONK MOUNTAIN HOUSE,845-256-2152,"1000 MOUNTAIN REST ROAD, NEW PALTZ, NY 12561"
WINDY ACRES GREENHOUSE,,"66 BROOKLYN RD, NORTH LAWRENCE, NY 12967"
HOLLOW ORCHIDS & HERBS,607-277-3380,"71 GERMAN CROSSROAD, ITHACA, NY 14850"
DELEA LEASING CORP  DBA DELEA SOD FARMS,631-368-8022,"3621 SOUND AVENUE, RIVERHEAD, NY 11901"
PARADISE GARDENS,315-536-5843,"1682 BAKER RD, PENN YAN, NY 14527"
"DAVID A. ERTEL, INC. DBA RUDOLPH GALLEY & SONS",716-822-9298,"2722 CLINTON STREET, BUFFALO, NY 14224"
BOWMAN ORCHARDS,518-371-2042,"147 SUGAR HILLS ROAD, REXFORD, NY 12148"
COUNTRY GARDENS NURSERY,631-325-1522,"220 OLD COUNTRY ROAD, EASTPORT, NY 11941"
EAST COAST ORCHIDS,845-692-7227,"2488 ROUTE 17 K, MONTGOMERY, NY 12549"
CAYUGA LANDSCAPE CO INC,607-257-3000,"2712 NORTH TRIPHAMMER ROAD, ITHACA, NY 14850"
"PANTHEON COLLECTIVE INDUSTRIES, LLC",415-879-0794,"2035 WEST ROAD, BOONVILLE, NY 13309"
WHITEFIELD FARM AND FOREST,845-554-8313,"4 OLD COUNTRY PLACE, HOPEWELL JUNCTION, NY 12533"
SORBELLO FRANK L,845-691-7828,"139 MARTIN AVENUE, HIGHLAND, NY 125282739"
W&J AWALD FARMS INC,716-337-2608,"2258 SHIRLEY RD, NORTH COLLINS, NY 14111"
FAMILY FRIENDS AND FLOWERS LTD,631-928-2050,"360 OLD TOWN ROAD, EAST SETAUKET, NY 11733"
WARRENS NURSERY INC,,"5506 SOUND AVE, JAMESPORT, NY 11947"
FELTHOUSENS INC,518-374-4414,"1537 VAN ANTWERP ROAD, SCHENECTADY, NY 12309"
BRUMBAUGH ROSALIE,716-445-5116,"8599 SOUTH MAIN STREET, EDEN, NY 14057"
THERA FARMS LLC,631-478-5229,"1725 BRENTWOOD RD, BRENTWOOD, NY 11717"
S & SO PRODUCE FARMS LLC,347-682-6962,"63 MOUNT EVE ROAD, GOSHEN, NY 10924"
KRISTAS GREENHOUSES,315-676-7142,"216 POTTER ROAD, WEST MONROE, NY 13167"
DELEA LEASING CORP DBA DELEA SOD FARMS,631-368-8022," SOUND AVE @ ZILNICKI FARM, RIVERHEAD, NY 11901"
TOPIARY GARDENS,315-673-1680,"1840 STUMP ROAD, MARCELLUS, NY 13108"
BESSBORO BUILDERS INC,518-962-4500,"252 NYS RT 22, WESTPORT, NY 12993"
OAKWOOD GREENHOUSE,315-252-7828,"5597 OAKWOOD ROAD, AUBURN, NY 13021"
LANDMARK FARMS DBA,518-587-9586,"4716 STATE HIGHWAY 30, AMSTERDAM, NY 12010"
SOMMER NURSERIES LTD,631-878-0896,"232 OLD COUNTRY ROAD, EASTPORT, NY 11941"
GRACE GARDENS,315-536-2556,"1064 ANGUS ROAD, PENN YAN, NY 14527"
BRIGIOTTAS FARMLAND PRODUCE & GARDEN CENTER INC,716-484-1121,"375 E LIVINGSTON AVE, JAMESTOWN, NY 14701"
AFTERGLOW PEAK LLC,212-206-7820,"96 BALLYMONT DRIVE, MILLERTON, NY 12546"
ORCHARD VIEW FARM,585-205-6424,"2112 TOWNLINE RD, WATERPORT, NY 14571"
VALHALLA GARDEN CENTER INC,914-769-9595,"601 COLUMBUS AVE PO BOX 41, VALHALLA, NY 10595"
BLACK RIVER GREENERY,315-377-2287,"7189 STATE ROUTE 812, LOWVILLE, NY 13367"
WEAVERS FARM MARKET,607-263-2030,"1272 EAST SIDE ROAD, MORRIS, NY 13808"
HAVILAND FARM LLC,,"741 E BRANCH RD, PATTERSON, NY 12563"
JOY WALKING GARDENS,518-647-5143,"293 ROLLING MILL HILL ROAD, AU SABLE FORKS, NY 12912"
KINGS GREENHOUSE,716-372-4077,"1595 EAST STATE ROAD, OLEAN, NY 14760"
CANDY CANE FARM LLC,518-792-4778,"327 GANSEVOORT ROAD, FORT EDWARD, NY 12828"
DIZZY LIZZIE'S FARM,315-662-7565,"3823 SANDERSON RD, ERIEVILLE, NY 13061"
SONOFABEE FARM,914-475-4409,"6269 ROUTE 9, RHINEBECK, NY 12572"
TUMBERS LANDSCAPING LLC,315-252-9995,"5461 MARTIN RD, AUBURN, NY 13021"
SD LANG ENT INC DBA VAN SCOTER FLORIST,607-776-2184,"7209 ROUTE 54, BATH, NY 14810"
STEPHEN J. WALKER,518-734-3711,"680 ROUTE 10, WINDHAM, NY 12496"
LEANNE'S COUNTRY GARDENS,631-905-3270,"812 SOUND AVE, CALVERTON, NY 11933"
SHADE TREES NURSERY INC,631-722-4041," MILL LANE, MATTITUCK, NY 11952"
CREEKSIDE GARDENS AND GALLERIA,518-696-5867,"14 WARRENSBURG ROAD, STONY CREEK, NY 12878"
SCHICHTELS NURSERY INC,716-592-9383," WINKEY-GUNBARREL, SARDINIA, NY 14134"
MATHILDA GIFFORD,518-751-6797,"601 COUNTY ROUTE 8, GERMANTOWN, NY 12526"
"NYSARC, INC. CATTARAUGUS - NIAGARA COUNTIES CHAPTER",716-504-2617," INTANDEM GREENHOUSE & FLORAL, NIAGARA FALLS, NY 14304"
MAITRI FARM LLC,845-789-1522,"143 AMENIA UNION ROAD, AMENIA, NY 12501"
RED OAK NURSERIES INC,315-672-3055,"5860 IKE DIXON ROAD, CAMILLUS, NY 13031"
GRISAMORE FARMS LLC,315-497-1347,"749 COWAN ROAD, LOCKE, NY 13092"
AURORA RIDGE GARDENS,315-364-8063,"2498 ANGLING ROAD, AURORA, NY 13026"
THE ROSE FARM,585-924-3248,"7335 VALENTOWN ROAD, VICTOR, NY 145649714"
SEEBOLD FARM,518-868-4376,"2554 STATE HIGHWAY 7, COBLESKILL, NY 12043"
MARCUS FARMS INC,607-295-7527," ROUTE 36, ARKPORT, NY 14807"
CHUCKS GREENHOUSE,607-796-5459,"580 LATTA BROOK ROAD, ELMIRA, NY 14901"
EARLYBIRD FARM,607-272-1056,"806 ELMIRA ROAD, ITHACA, NY 14850"
ANGELS GROUND COVERS INC,914-788-0384,"1-7 HIDDEN MEADOW LANE, PUTNAM VALLEY, NY 10579"
COLORFUL GARDENS WHOLESALE LLC,631-369-5598,"35 MILL RD, CALVERTON, NY 11933"
ROSEDALE NURSERIES INC,,"57 E. SEARSVILLE ROAD, MONTGOMERY, NY 12549"
GABRIELSEN FARMS LLC,631-722-2306,"261 MANOR LANE, JAMESPORT, NY 11947"
AMOS ZITTEL &SONS INC,716-649-6340,"3275 WEBSTER RD, EDEN, NY 14057"
HAWKS WING TREE FARM,607-745-9045,"2616 AMES ROAD, CORTLAND, NY 13045"
SHORTZ LANDSCAPE ASSOC INC,315-986-5940,"1055 CANADAIGUA RD, MACEDON, NY 14502"
RECKNER GREENHOUSES & FARMS LLC,631-249-8053,"309 OLD EAST NECK RD, MELVILLE, NY 11747"
DAVID & ANNETTA FOX,,"3269 LAKE TO LAKE RD, STANLEY, NY 14561"
TROYS LANDSCAPE SUPPLY CO INC,518-785-1526,"1266 LOUDON ROAD, COHOES, NY 12047"
"FOXCHESTER, LLC",607-857-8308,"3305 COUNTY RD 7, MONTOUR FALLS, NY 14865"
RUDOLPH YODER,,"1927 CR5, BRUSHTON, NY 12916"
PAUL WATSON GREENHOUSES,585-615-7916,"10 WOODRUFF RD, RUSH, NY 14543"
FOUR WINDS FARM,845-255-3088,"158 MARABAC ROAD, GARDINER, NY 12525"
BLACK HORSE FARMS INC,518-731-8776,"155 FOUNTAIN FLATS ROAD, COXSACKIE, NY 12051"
VAN BOURGONDIEN C J INC,631-734-5300," MAIN ROAD, PECONIC, NY 11958"
GRETNA GARDENS,607-988-6808,"2664 STATE HIGHWAY 7, OTEGO, NY 13825"
AC LAWNSCAPE SUPPLY LLC,518-753-0350,"924 RT 22, CAMBRIDGE, NY 12816"
SHANAHAN TREE FARM LLC,716-957-8040,"3828 DALE ROAD, GASPORT, NY 14067"
JEFF AND CHRISSY BUHRMASTER,518-788-1506,"4120 RIVER RD, LATHAM, NY 12110"
K & M GREENHOUSE,,"6395 LAWSON RD, MAYVILLE, NY 14757"
BOCES WAYNE FINGER LKES,315-589-2600,"4440 E RIDGE ROAD, WILLIAMSON, NY 14589"
COOK AND GARDENER,518-563-9308,"139 TOM MILLER ROAD, PLATTSBURGH, NY 12901"
FARMERS WIFE CREATIONS,315-523-0405,"19355 CT RT 12, LAFARGEVILLE, NY 13656"
BUDZIES NURSERY - DIVISION OF BUDZIAK ENTERPRISES,518-673-8223,"6825 STATE HWY 10, CANAJOHARIE, NY 13317"
BONNIE PLANTS LLC,607-847-9911,"1700 COUNTY HIGHWAY 13, NEW BERLIN, NY 13411"
WILLIAM A SCHMID,914-355-1189,"91 SCHMID RD, NEW HAMPTON, NY 10958"
MOTHER'S MUMS,518-993-5502,"241 BROOKMAN'S CORNER ROAD, FORT PLAIN, NY 13339"
LOG CABIN PRODUCE,717-553-0977,"953 FORDSBUSH ROAD, FORT PLAIN, NY 13339"
SCARBOROUGH FIELDS & FLOWERS,845-741-4882,"2741 ALBANY POST RD, MONTGOMERY, NY 12549"
BURKHOLDER ELI & RACHEL,607-243-9992,"5293 RAY CROSBY ROAD, DUNDEE, NY 14837"
LITTLE WAGON ROADSIDE FARM STAND,," RT 22, WILLSBORO, NY 12996"
WAGENHALS R&SON NURSERY,716-671-3758,"707 GRAVEL ROAD, WEBSTER, NY 14580"
HHOTTT HOUSE GARDEN CENTER,518-891-4665,"33 PETROVA AVENUE, SARANAC LAKE, NY 12983"
PERCH RIVER GARDENS,315-782-2329,"27712 COUNTY ROUTE 54, DEXTER, NY 13634"
HEWITTS GARDEN CENTER INC,518-399-4959," RT 4 & I 90, EAST GREENBUSH, NY 12061"
JOES PLANT SHACK,315-491-3167,"4650 STATE RT 31, CLAY, NY 13041"
"HERKIMER CO. CHAPTER, NYSARC, INC.",315-574-7100,"411 FOLTS STREET, HERKIMER, NY 13350"
GOZO NF NURSERIES INC,718-743-1407,"2640 COYLE STREET, BROOKLYN, NY 11235"
HEMP FARMS LLC,917-442-3275,"401 DUANESBURG ROAD, SCHENECTADY, NY 12306"
MANDY SPRING FARM NURSERY INC,518-526-1331,"NEW COUNTRY WAY & OLD GLICK RD, SARATOGA SPRINGS, NY 12866"
RIVERMEDE FARM,518-576-4886,"49 BEEDE ROAD, KEENE VALLEY, NY 12943"
NORTH SERVICE RD NURSERY,631-293-2800,"25 NORTH SERVICE ROAD, DIX HILLS, NY 11746"
BORELLA WILLIAM,631-862-9182,"625 NORTH COUNTRY ROAD, ST JAMES, NY 11780"
ELHANNON NURSERY INC,518-686-5553," ROUTE 22 SOUTH SIDE, HOOSICK, NY 12089"
PIGGY GREENS MICROGREENS LLC,914-804-3373,"15 FRANKLIN AVENUE, BEDFORD HILLS, NY 10507"
BAUMANS FARM MARKET LLC,585-671-2820,"1340 FIVE MILE LINE ROAD, WEBSTER, NY 14580"
TWIN PINES GREENHOUSES,585-283-4280,"12631 RIDGE ROAD W, ALBION, NY 14411"
MICHAEL & SONS NURSERIES INC,914-592-6620,"200 TARRYTOWN RD, WHITE PLAINS, NY 10607"
BLOOMS BY BOGNER,315-732-3820," NEW HARTFORD SHOPPING CENTER, NEW HARTFORD, NY 13413"
IVAN BURKHOLDER,585-526-6062,"1158 KASHONG SWITCH ROAD, GENEVA, NY 14456"
BOBS TREES,518-6274260," KANIA ROAD, HAGAMAN, NY 12086"
RAY MAR TREE FARM,518-466-5322,"73 LANSING ROAD NORTH, SCHENECTADY, NY 12304"
PARADISE GARDENS,315-684-3602,"4489 BROOKS ROAD, MORRISVILLE, NY 13408"
CHESTNUT RIDGE NURSERY INC,716-725-8043," EAST MAIN STREET, SPRINGVILLE, NY 14141"
BILL & GERRYS FARM,716-731-5003,"3573 SAUNDERS SETTLEMENT ROAD, SANBORN, NY 14132"
PECONIC RIVER HERB FARM,631-369-0058,"2749 RIVER ROAD, CALVERTON, NY 11933"
BREEZE HILL FARM AND PRESERVE LLC,631-383-2589,"31215 COUNTY ROUTE 48, PECONIC, NY 11958"
TWIN BROOKS GARDEN CTR,845-494-6399,"62 NINE PARTNERS ROAD, STAATSBURG, NY 12580"
FAMILY TRADITIONS TREE FARM LLC,518-441-7605,"146 MILE LEVEL ROAD, FULTONVILLE, NY 12072"
LYNDAKER FARMS LLC,315-429-5030,"237 STATE ROUTE 29A, SALISBURY CENTER, NY 13454"
KOLBER'S FARM,518-767-3046,"916 US ROUTE 9 W, SELKIRK, NY 12158"
BISON NURSERY WHOLESALE INC,716-630-9767,"9000 MAIN STREET, CLARENCE, NY 14031"
LUCZAKS EVERGREEN FARMS,585-322-5417,"4616 WARSAW BOULEVARD, SILVER SPRINGS, NY 14550"
HIDDEN ACRE FARM,512-550-6321,"363 PETTICOAT LANE, BLOOMINGBURG, NY 12721"
KOPPERT CRESS USA LLC,631-734-8500,"2975 SOUND AVE, RIVERHEAD, NY 11901"
WIEMER HERMANN J-VNYARD,607-243-7971,"3962 ROUTE 14, DUNDEE, NY 14837"
PRIMEVAL FOREST LLC,716-990-4204,"2813 NIAGARA STREET, BUFFALO, NY 14207"
FRANCES FARMS LLC,845-292-3382,"467 MUTHIG ROAD, PARKSVILLE, NY 12768"
J HURTGAM FARMS,716-791-4968,"3216 RIDGE ROAD, RANSOMVILLE, NY 14131"
GLEN COTTAGE FARMS,518-428-2548,"382 CORBIN HILL ROAD, SPRAKERS, NY 12166"
DAVID D TROYER,585-968-0237,"8285 DEKAY ROAD, BLACK CREEK, NY 14714"
PRAYS MARKET GROWER,518-834-9150,"391 ROUTE 9N, KEESEVILLE, NY 12944"
BEYOND YOUR GARDEN CORP,518-937-3065,"162 COUNTY HIGHWAY 109, BROADALBIN, NY 12025"
JASPER MEADOWS FARM,607-257-6230,"26 PALMEAR ROAD, FREEVILLE, NY 13068"
FEELING THORNY TROPICALS,716-534-0044,"85 TREADWELL RD, TONAWANDA, NY 14150"
GEORGES MARKET & NURSERY LLC,518-785-4210,"240 WADE ROAD EXTENSION, LATHAM, NY 12110"
FAERY'S LANDSCAPING INC.,716-791-4680,"3170 RIDGE RD., RANSOMVILLE, NY 14131"
THE ART OF PROVIDENCE,631-666-4024,"33 CALIFORNIA AVE, BAY SHORE, NY 11706"
FOREVERGREEN FARMSRUS INC,607-227-3500,"8511 STEVENS RD, LINDLEY, NY 14858"
JONATHAN ZEISET,585-554-6226,"5075 TWITCHELL ROAD, RUSHVILLE, NY 14544"
NATIVE SUN FLOWERS,518-203-9600,"1470 ROUTE 9, CLIFTON PARK, NY 12065"
GARDENLAND INC,315-548-8983,"15 EAGLE STREET, PHELPS, NY 14532"
HARRINGTONS,585-757-2450,"4653 NORTH BYRON ROAD, ELBA, NY 14058"
EDLER ACRES,585-489-8110,"5673 ARBOR RD, ONTARIO, NY 14519"
LITTLE BY LITTLE NURSERY CORP DBA WILD GARDENS NURSERY,914-589-9536,"456 CROTON AVENUE, CORTLANDT MANOR, NY 10567"
GRACEFUL ROSES LLC,585-662-9065,"111 OWEN ROAD, FULTON, NY 13069"
TANNER HILL HERB FARM,607-547-8261,"294 TANNER HILL ROAD, COOPERSTOWN, NY 13326"
ANNE'S/ KOEHN GIFTS,315-835-0987,"723 DUBLIN HILL RD., AURORA, NY 13026"
UNDER THE TREE,607-351-4172,"201 DRY BROOK RD, WILLSEYVILLE, NY 13864"
TAYLOR GARDENS & ARTISTRY LLC,315-807-2272,"6005 MINOA ROAD, KIRKVILLE, NY 13082"
SCHUYLERS GREENHOUSE,518-842-5519,"6485 STATE HIGHWAY 30, AMSTERDAM, NY 12010"
GUTMANNS TREE NURSERY,716-345-4649,"12444 WARNER HILL ROAD, SOUTH WALES, NY 14139"
ROOT AND ROOST FARM,845-292-9126,"64 MINERAL SPRINGS RD, LIVINGSTON MANOR, NY 12758"
HUNTS TREE FARM,607-539-7582,"225 ELMIRA ROAD, ITHACA, NY 14850"
KC'S PRODUCE,607-324-9967,"8999 STATE RTE 21, COHOCTON, NY 14826"
HERMANCE NURSERIES,401-465-5165,"28 HERMANCE LANE, ULSTER PARK, NY 12487"
PEACHEY PRODUCE,607-869-5695,"5461 RTE 414, ROMULUS, NY 14541"
OLIVERA'S GARDEN,315-573-6712,"412 SYCAMORE TRAIL, NEWARK, NY 14513"
LIGHTHOUSE GARDENS,585-582-5725,"229 ONTARIO STREET, HONEOYE FALLS, NY 144721303"
ANTHONY DEMARCO & SONS INC,315-689-9884,"211 WEST MAIN ST, ELBRIDGE, NY 13060"
DOGWOOD ACRES GREENHOUSES,845-361-5129,"41 TOWNLEY LANE, CIRCLEVILLE, NY 10919"
KIMBERLYS GREENHOUSE INC,607-323-5120,"3438 ROUTE 26, GLEN AUBREY, NY 13777"
BRIAR BURR GARDENS,719-659-9593,"6113 BURR RD, TRUMANSBURG, NY 14886"
ONE NATURE LLC,845-440-1677,"363 PETTICOAT LANE, BLOOMINGBURG, NY 12721"
NEW AMSTERDAM NURSERY INC,631-672-0267,"408 WADING RIVER ROAD, MANORVILLE, NY 11949"
WEBER MIKE GREENHOUSES INC,716-822-8887,"42 FRENCH ROAD, WEST SENECA, NY 14224"
DELALIO SOD FARMS LLC,," DOCTORS PATH SOUND AVE &ROUTE1, RIVERHEAD, NY 11901"
BRONNER FARM LLC,845-629-7726,"41 TOWNLEY LANE, CIRCLEVILLE, NY 10919"
CHESTNUT RIDGE NURSERY INC,716-725-8043,"225 CRESCENT DRIVE, ORCHARD PARK, NY 14127"
STAR ROUTE FARM,914-874-9435,"796 COUNTY HIGHWAY 40, CHARLOTTEVILLE, NY 12036"
SUNSHINE MEADOWS,518-384-0086,"610 TANNER ROAD, CLIFTON PARK, NY 12065"
TURNBULL NURSERY INC,716-337-3812," MORGANO FARM-BRANT-NO COLLINS, BRANT, NY 14027"
IMBRIANO & SONS GARDEN SUPPLIES,631-2986569,"322-45 MAIN ST, CUTCHOGUE, NY 11935"
SWEET PEA FM PERENNIALS,518-631-4202,"121 FEDERAL HILL ROAD, BOLTON LANDING, NY 12814"
HALTON HAY,,"2071 ELM STREET, NEW WOODSTOCK, NY 13122"
SEAN DEMBROSKY,607-342-4953,"9408 CONGRESS STREET EXTENSION, TRUMANSBURG, NY 14886"
REDHEAD RANCH SOAPS & SUNDRIES,315-730-1412,"5132 CREAM HOLLOW ROAD, MORAVIA, NY 13118"
TOWER LOT NURSERY INC,631-404-8455,"608 TWOMEY AVE, CALVERTON, NY 11933"
UNDER THE TREE,607-203-0110,"58 MIDDAUGH ROAD, BROOKTONDALE, NY 14817"
OAK QUEENS LLC,845-636-8218,"810 QUEENS HWY, ACCORD, NY 12404"
SONSHINE VALLEY FARMS,607-722-2727,"200 CROCKER HILL RD, BINGHAMTON, NY 13904"
BLOSSOMS N BLOOMS ETC,315-397-2712,"6004 JAMES STREET, CONSTABLEVILLE, NY 13325"
HEATH FARM,607-232-4952,"48 W HEATH ROAD, WAVERLY, NY 14892"
SENSENIG JONATHAN,585-534-4255,"5299 CROWE ROAD, STANLEY, NY 1456114561"
SPOTH DONALD FARM,716-688-7644,"2715 TONAWANDA CREEK ROAD, AMHERST, NY 14228"
DRAUDT RONALD & SONS,716-648-7077,"4779 CLARK STREET, HAMBURG, NY 14075"
SCHULTZ GARDEN CENTER,518-399-9023,"88 HETCHELTOWN RD, GLENVILLE, NY 12302"
"PITTSFORD TREE AND LANDSCAPE, INC DBA VILLAGE GARDEN STORE LTD",585-624-2400,"3830 RUSH MENDON RD, MENDON, NY 14506"
RSK FARM,518-299-3198,"13255 ROUTE 23A, PRATTSVILLE, NY 12468"
SANG LEE FARMS INC,631-734-7001,"25180 COUNTY ROUTE 48, PECONIC, NY 11958"
FUNNY FARMS FAMOUS,631-734-7366,"36925 MAIN ROAD, CUTCHOGUE, NY 11935"
STYERS PEONIES LLC,610-616-3839,"3212 SUTTON ROAD, GENEVA, NY 14456"
EDWARD FOX,315-536-7818,"8319 FORD RD, BRANCHPORT, NY 14418"
VITALES FARM MARKET,,"7297 NORTH DIVISION STREET ROAD, AUBURN, NY 13021"
ZEHR'S FLOWERS & LANDSCAPING,,"8457 VAN AMBER ROAD, CASTORLAND, NY 13620"
KATONAH NURSERY INC,914-232-3570,"80 S AMENIA UNION, AMENIA, NY 12501"
LEONS FARM MARKET,315-963-3262,"4142 STATE ROUTE 104E, MEXICO, NY 13114"
EASTLAND FARMS INC,631-726-1961,"1260 MONTAUK HIGHWAY, WATER MILL, NY 11976"
DOWN TO EARTH,845-354-8500,"1040 ROUTE 45, POMONA, NY 10970"
HILLS CHRISTMAS TREE FARM,716-592-5096,"13214 BELSCHER ROAD, SPRINGVILLE, NY 14141"
THE LO FARM LLC,501-231-2460,"5204 ROUTE 32, CATSKILL, NY 12414"
STRAWS,518-572-4005,"1 OUELLETTE CIRCLE, KEESEVILLE, NY 12944"
NEW LEAF A,607-863-3404,"5858 TOWNLINE ROAD-TAYLOR, CINCINNATUS, NY 13040"
DOUBLE A VINEYARDS,716-672-8493," MILLER ROAD, FREDONIA, NY 14063"
LAPLANTS LAWN&PROP MTCE,585-727-3249,"7482 OLD LYONS ROAD, LYONS, NY 14489"
SEIB FARMS,516-903-4262,"127 BURRS LANE, DIX HILLS, NY 11746"
OLE' THYME FARM,,"2965 STATE ROUTE 21, WAYLAND, NY 14572"
KENT COUNTRYSIDE NURSERY INC,845-225-7766,"61 LUDINGTON COURT, CARMEL, NY 10512"
JOHNNIE & ERMA SHETLER,,"4969 WEST AVA ROAD, TABERG, NY 13471"
MILLERS FARM MARKET LLC,716-373-2073,"1685 OLEAN-PORTVILLE ROAD, OLEAN, NY 14760"
WILLIS' PRODUCE,607-207-6828,"931 W RIVER ROAD, NICHOLS, NY 13812"
EATON FARMS,315-524-8467,"280 N UNION STREET, ROCHESTER, NY 14609"
CAROLS PLANT SHED,631-366-2585,"196 SMTIHTOWN BOULEVARD, NESCONSET, NY 11767"
SCHEUERMANN FARMS GRNHS,845-258-4221,"73 LITTLE YORK ROAD, WARWICK, NY 10990"
TECHMERS NURSERY,845-255-7430," RT 32 ALLHUSEN ROAD, MODENA, NY 12548"
STOUGHTON FARM,607-642-3675,"10898 STATE ROUTE 38, NEWARK VALLEY, NY 13811"
JEWITT HILL GREENHOUSE,315-751-2835,"4505 DOOLITTLE RD, LOCKE, NY 13092"
HEWITTS GARDEN CENTER INC,518-399-4959,"621 MAPLE AVENUE, SARATOGA SPRINGS, NY 12866"
HUMBLE ROOTS TREE FARM,585-662-7476,"3533 LAFEVRE RD, BLOOMFIELD, NY 14469"
CAYUGA LANDSCAPE CO INC,607-257-3000,"1104 AUBURN RD, GROTON, NY 13073"
JOSEPHS GARDEN & GREENHOUSE,631-567-0292,"525 SMITHTOWN AVE, BOHEMIA, NY 11716"
GARDENWORKS FARM LLC,,"1055 RT 30, SALEM, NY 12865"
JOHN D MADURA FARMS,845-258-5489,"54 RUDINSKI LANE, PINE ISLAND, NY 10969"
BURKE PLANTS,518-651-7680,"50 SIMMS ROAD, CHATEAUGAY, NY 12920"
CLEAR CREEK DAHLIAS,716-307-3480,"44 LIBERTY STREET, ARCADE, NY 14009"
FORT HUNTER FARMS,518-526-4049,"2704 CURRY ROAD, SCHENECTADY, NY 12303"
"BRADFORD T. REEVE, SR. AND PAUL REEVE, INC.",631-722-3077,"891 MAIN ROAD, AQUEBOGUE, NY 11931"
K & T CREATIONS CO,518-821-0142,"167 HIGHLAND ROAD, CHATHAM, NY 12037"
MORRISVILLE STATE COLLEGE,315-684-6094," SPADER HORTICULTURE BUILDING, MORRISVILLE, NY 13408"
BELLE GROVE FOREST FARM,315-497-1455,"5737 SAYLES CORNERS RD, MORAVIA, NY 13118"
HELDERLEDGE FARM,518-765-4702,"435 PICARD ROAD, ALTAMONT, NY 12009"
DAVENPORT GARDEN CENTER,607-278-6909," DEL CO RD 10 AND ROUTE 23, DAVENPORT CENTER, NY 13751"
BEDFORD GREENHOUSE INC,716-5426110,"5675 BUELL STREET, AKRON, NY 14001"
EDWARD FELSENTHAL,917-282-5060,"95-14 132ND ST, SOUTH RICHMOND HILL, NY 11419"
ROMANSKI FARMS LILCO POLE,631-727-7668,"16 DEEP HOLE ROAD, CALVERTON, NY 11933"
TOMS THUMB LLC,716-537-9590,"13051 WHITNEY ROAD, HOLLAND, NY 14080"
BOKA FARMS INC,716-625-9471,"6021 CAMPBELL BOULEVARD, LOCKPORT, NY 14094"
STEDMAN OLD FRM NUR INC,716-778-8540," SAMPSON FARM-LOCKPORT OLCOTT R, NEWFANE, NY 14108"
POLLIWOGS GARDEN LLC,518-423-8913,"2202 STATE ROUTE 40, GREENWICH, NY 12834"
JANSEN E P NURSERY LLC,845-651-4106,"161 GLENMERE AVENUE, FLORIDA, NY 10921"
TURNPIKE COMPANY LLC,315-359-8401,"10164 TURNPIKE ROAD, CLYDE, NY 14433"
JULIANS SCHUYLER GREENHOUSE AND PRODUCE FARMS,315-735-9385,"2365 STATE ROUTE 5, UTICA, NY 13502"
BACKPORCH PRODUCE,716-946-8308,"10260 FAIRVIEW ROAD, FARMERSVILLE STATION, NY 14060"
BELLA TERRA FARM,518-673-5673,"418 LYNK ST, SPRAKERS, NY 12166"
HARVESTVIEW FARM,716-672-4822,"4936 WEST MAIN ROAD, FREDONIA, NY 14063"
BROTHER BROWN FLOWERS,607-343-4983,"1108 UPPER FRONT STREET, BINGHAMTON, NY 13905"
ALBERT H SCHMITT,631-277-3805,"6 BAGATELLE ROAD, DIX HILLS, NY 11746"
HALLOCK CIDER MILL INC,631-298-1140,"1960 RT 25, LAUREL, NY 11948"
DECKERS FLATS GREENHOUSE,518-546-3369,"2923 DUGWAY ROAD, PORT HENRY, NY 12974"
ORIENTAL GDN SUPPLY LLC,585-586-3850,"448 WEST BLOOMFIELD ROAD, PITTSFORD, NY 14534"
R S PARKER LANDSCAPING & GARDEN CENTER,,"791 ROUTE 64, ELMIRA, NY 14903"
COUNTRY ROADS FAMILY FARM LLC,845-220-7212,"22121 KNOWLESVILLE ROAD, PAMELIA, NY 13601"
CARADONNA FARMS,845-234-3608,"1394 ROUTE 9W, MARLBORO, NY 12542"
NICOTRA FARMS INC,315-656-7435,"6762 FLY ROAD, EAST SYRACUSE, NY 13057"
SUNNY RIDGE GREENHOUSE,518-483-0402,"1997 STATE ROUTE 11B, NORTH BANGOR, NY 12966"
ANNS PURPLE PRODUCE,315-986-3766,"1206 NOLAN ROAD, MACEDON, NY 14502"
SEABERT FARMS,716-946-4866,"3682 RIDGE RD, LOCKPORT, NY 14094"
WHISTLE DOWN FARM LLC,607-342-6816,"20 SCHOOL TEACHER RD, HUDSON, NY 12534"
WHITMAN NURSERIES INC,631-722-3000,"1017 MAIN ROAD ROUTE 25, AQUEBOGUE, NY 11931"
MOMS FLOWERS,315-531-8038,"1533 CARROLL ROAD, PENN YAN, NY 14527"
KINGS COUNTY NURSERIES INC,718-493-2363,"625 NEW YORK AVENUE, BROOKLYN, NY 11203"
TANDAMITI LLC,716-532-3421,"12642 PLANCK ROAD, PERRYSBURG, NY 14129"
TWIN POND GRNHS&NURSERY,845-457-1991,"531 RIVER RD, MONTGOMERY, NY 12549"
KENNETH J LINDSTROM,(716) 648-2371," ROUTE 219, ASHFORD, NY 14171"
MAIER FARMS,585-265-3273,"450 PHILLIPS ROAD, WEBSTER, NY 14580"
OLISH FARMS INC,631-325-0535," EASTPORT MANOR ROAD, EASTPORT, NY 11941"
GLASS HOUSE FARMS,661-378-4555,"10 PINCKNEY ROAD, ITHACA, NY 14850"
LILLIE ACRES GREENHOUSE,716-532-4299,"14246 SCHOOL STREET, COLLINS, NY 14034"
BRENDAN HATHAWAY,518-588-2268,"1043 PARK AVE, SCHENECTADY, NY 12308"
LEVI WENGER,518-993-9985,"429 CO HWY 32A, CHERRY VALLEY, NY 13320"
LEROY GEHMAN,518-993-3532,"187 YOUNGS RD, FORT PLAIN, NY 13339"
FARMERS WIFE CREATIONS,315-523-0405,"16436 CT RT 12, LA FARGEVILLE, NY 13656"
AMBERG GRAPEVINES LLC,315-462-3288,"2399 WHEAT ROAD, CLIFTON SPGS, NY 14432"
FINAL TOUCH,315-796-5789,"2704 STATE ROUTE 315, DEANSBORO, NY 13328"
MOSES J YODER,,"1716 STATE HWY 11 B, POTSDAM, NY 13676"
MEADOWVIEW LLC,585-374-5080,"7727 ROUTE 21, NAPLES, NY 14512"
TOP NOTCH GARDEN CENTER AT NEWPORT MARKETPLACE,315-7175333,"7583 MAIN STREET, NEWPORT, NY 13416"
HIDDEN SPRINGS TREE FARM LLC- GROW,607-525-6456,"4310 BINES HILL ROAD, ANDOVER, NY 14806"
GOZO NF NURSERIES INC,718-743-1407,"2572 COYLE STREET, BROOKLYN, NY 11235"
MOUNTAIN LAKE SERVICES,518-546-3386,"55 LORD RD., ELIZABETHTOWN, NY 12932"
STYMUS FARMS LLC,,"13991 MAPLE STREET, ALBION, NY 14411"
SPRUCE IT UP TREE FARM,607-587-9300,"1658 MOLAND RD, ALFRED STATION, NY 14803"
ERETZ GOSHEN FARMS INC,516-972-8847,"71 DZIERZEK LANE, NEW HAMPTON, NY 10958"
CASE FARMS NURSEY LLC,315-256-5458,"6906 COUNTY RD 32, CANANDAIGUA, NY 14424"
"ZINO NURSERIES AND LANDSCAPING, INC",914-669-5633,"45 HARDSCRABBLE ROAD, NORTH SALEM, NY 10560"
BISSETT - A SITEONE COMPANY,216-706-9250,"282 LONG ISLAND AVE, HOLTSVILLE, NY 11742"
PERENNIAL CHARM NURSERY LLC,631-537-0775,"BOX 61 NARROW LANE EAST, SAGAPONACK, NY 11962"
NEW YORK HEMP SERVICE LLC,518-249-4750,"4269 ROUTE 9, HUDSON, NY 12534"
ROOTS TO BLOOM,716-603-0892,"196 NORTH PARK AVE, BUFFALO, NY 14216"
WEISS NURSERY & LANDSCAPING LLC,845-677-9990,"2701 ROUTE 82, LAGRANGEVILLE, NY 12540"
WILLOW CREEK GREENHOUSE,315-781-2869,"2660 COUNTY ROAD 6, GENEVA, NY 14456"
LAURA TEN EYCK,518-545-1458,"287 ALTAMONT RD, ALTAMONT, NY 12009"
POUND RIDGE NURSERY AND GARDEN CENTER INC,914-764-5781,"6 POUND RIDGE RD, POUND RIDGE, NY 10576"
DELEA LEASING CORP DBA DELEA SOD FARMS,631-964-6600,"676 DEER PARK AVENUE, HUNTINGTON STATION, NY 11746"
ANNUTTOS FARM STAND LLC,607-432-7905,"5396 STATE HIGHWAY 7, ONEONTA, NY 13820"
LIBERTY FARMS,518-573-3436,"848 ST. DAVIDS LANE, SCHENECTADY, NY 12309"
A&L PRODUCE,607-535-2799,"3961 ROUTE 14A, WATKINS GLEN, NY 14891"
LAKESIDE SOD SPLY CO IN,716-741-2877," VAN BUREN FRM-10870 KELKENBERG, CLARENCE CENTER, NY 14032"
NATURE BY DESIGN,315-891-3952,"2410 CASTLE ROAD, NEWPORT, NY 13416"
SUNNY SIDE GREENHOUSE,585-554-5198,"519 STATE ROUTE 247, RUSHVILLE, NY 14544"
STILLMANS GREENHOUSE AND GARDEN CENTER LLC,607-535-7366,"251 S CATHERINE STREET, MONTOUR FALLS, NY 14865"
HUBINA TREE FARM,315-429-3450,"328 LOTVILLE ROAD, DOLGEVILLE, NY 13329"
POST ST FARM DBA ROGUE TOMATO FARMS LLC,315-527-7396,"3460 POST ST, CLINTON, NY 13323"
STILL MEADOW NURSERY INC,315-253-4496," GRANT AVENUE-GATES ROAD, AUBURN, NY 13021"
VERDERBER LANDSCAPE NURSERY INC.,631-722-4388,"459 ROUTE 25, AQUEBOGUE, NY 11931"
GOOD EARTH FARMS,716-432-3160,"14007 PARK AVENUE, WATERPORT, NY 14571"
TOMARCHIO'S GREENEHOUSE,315-732-8825,"12 FARVIEW HEIGHTS, UTICA, NY 13501"
PAUL HARTMAN,716-864-5608,"3417 WEST YORKSHIRE ROAD, YORKSHIRE, NY 14173"
A&W GREENHOUSE AND GARDENS,315-508-5116,"463 WEST MAIN STREET, LITTLE FALLS, NY 13365"
HARVEST MOON,716-634-8290,"4202 UNION RD, CHEEKTOWAGA, NY 14225"
ANGIE'S GARDEN NURSERY,845-706-0867,"2615 LUCAS TURNPIKE, HIGH FALLS, NY 12440"
SUNFLOWER RIDGE PRODUCE & GREENHOUSE,518-993-4862,"502 FREYSBUSH ROAD, FORT PLAIN, NY 13339"
E&J REWILDING CORP,914-419-2012,"456 CROTON AVENUE, CORTLANDT MANOR, NY 10567"
ELEANOR PERRY,607-962-1351,"131 E HIGH ST, PAINTED POST, NY 14870"
HEALING HOMESTEAD,716-534-4299,"1102 NASH RD, NORTH TONAWANDA, NY 14120"
MT. VISION GARDEN CENTER INC,607-432-1260,"102 BLOOD MILLS ROAD, MOUNT VISION, NY 13810"
KALLECO NURSERY CORP,845-658-3553,"801 ROUTE 32, TILLSON, NY 12486"
SHAKER CREEK FARM LLC,413-441-4223,"266 WINSLOW ROAD, EAST NASSAU, NY 12062"
LAKE SIDE GREENHOUSE,585-694-4246,"3500 MUMBY RD, CANANDAIGUA, NY 14424"
LILLIES OF FIELD PERRENIALS & GIFT SHOP,518-299-3637,"417 BARNEY MOORE ROA, PRATTSVILLE, NY 12468"
MCDONOUGHS FARM,518-477-4841,"199 PHILLIPS ROAD, EAST GREENBUSH, NY 12061"
TRANKA JOSEPH & SON FLORIST,518-885-5410,"1602 AMSTERDAM ROAD RD 1, BALLSTON SPA, NY 12020"
ALMA STUZMAN,518-497-6075,"815 TROUT RIVER ROAD, BURKE, NY 12917"
CHESTER FLOWER SHOP INC,315-797-2360,"1117 YORK STREET, UTICA, NY 13502"
RAINY DAY GREENHOUSE & NURSERY,845-656-1942,"113 STATION ROAD, CAMPBELL HALL, NY 10916"
BEDFORD NURSERY,914-234-7083,"235 GREENWICH ROAD #1, BEDFORD, NY 10506"
ADIRONDACK TREE COVELS TREE FARM & NURSERY,518-643-8723,"842 MANNIX, PERU, NY 12972"
THE FARM AT  MILLERS CROSSING,518-851-2331,"81 ROXBURY ROAD, HUDSON, NY 12534"
DIANE'S GREENHOUSE,607-371-3295,"1421 MOON HILL ROAD, DUNDEE, NY 14837"
GREEN HILL FARM,,"236 ARGERSINGER RD, FULTONVILLE, NY 12072"
GOZO NF NURSERIES INC,718-743-1407,"2612 COYLE STREET, BROOKLYN, NY 11235"
EMMAS GARDEN GROWERS INC,631-692-7627,"7645 ALVAHS LANE, CUTCHOGUE, NY 11935"
MARCUS FARMS INC,," WILLEY ROAD, DANSVILLE, NY 14437"
DAVID S ESH,315-694-1400,"2081 YERKES RD, ROMULUS, NY 14541"
"CUTTING GARDEN THE, LLC",845-295-0207,"4055 STATE ROUTE 52, YOUNGSVILLE, NY 12791"
NYS ARC INC MONTGOMERY COUNTY CHAPTER -GROW,518-954-2039,"2805 STATE HIGHWAY 67, JOHNSTOWN, NY 12095"
DELEA LEASING CORP  DBA DELEA SOD FARMS,631-368-8022," OREGON AND DEPOT ROAD, CUTCHOGUE, NY 11935"
SENECA LANDSCAPE,,"2110 GANO ROAD, MONTOUR FALLS, NY 14865"
INVINCIBLE SUMMER FARMS,631-512-8270,"1475 WESTPHALIA RD, MATTITUCK, NY 11952"
WESTERN NEW YORK HOSTA SOCIETY,716-941-6167,"8655 FALLS ROAD, WEST FALLS, NY 14170"
KREHER ENTERPRISES LLC,716-648-4673,"7189 GOWANDA STATE RD, EDEN, NY 14057"
KEIL NORMAN NURSERY,631-584-6330,"4735 WESTPHALIA AVENUE, MATTITUCK, NY 11952"
PEACE OF THE PIE LLC,,"3380 ROUTE 39, COLLINS, NY 14034"
THE GREENERY,585-457-3022,"5579 MICHIGAN ROAD, ARCADE, NY 14009"
MURCOTT RICHARD,516-922-7748,"18 LINDEN LN, EAST NORWICH, NY 11732"
SUNSET VIEW PRODUCE FARM,,"9657 N STEUBEN RD, REMSEN, NY 13438"
SOLON GARDENS,607-836-8972,"3673 STATE ROUTE 41, CINCINNATUS(SOLON), NY 13040"
NORTHLAND GARDENS INC,518-798-4277,"423 WEST MOUNTAIN ROAD, QUEENSBURY, NY 12804"
BONNIE PLANTS INC,,"2290 ALBANY POST ROAD, WALDEN, NY 12586"
CLEATUS FARMS INC,," OHARE ROAD, MIDDLETOWN, NY 10941"
ASCAPE LANDSCAPE & CONST. CORP,845-353-6500,"1047 ROUTE 45, POMONA, NY 10970"
HARPUR HILL FRUIT FARM LLC,607-693-1059,"1218 E. WINDSOR RD, NINEVEH, NY 13813"
MCR FARMS,716-549-1038,"11086 BRANT RESER RD, BRANT, NY 14027"
SHIRLEY S MARTIN,315-7191633,"711 CTY RD 6, PHELPS, NY 14532"
MARTIN DANIEL & RUTH,585-526-7056,"1680 TOOMEY ROAD, BELLONA, NY 14415"
DAN HERSHBERGER,,"23 FRAZER RD, PULASKI, NY 13142"
RENAISSANCE FLORAL GALLERY,607-349-2049,"199 MAIN STREET, BINGHAMTON, NY 13905"
CHUCK HAFNER FARM,315-458-2231,"7265 BUCKLEY ROAD, NORTH SYRACUSE, NY 13212"
ECHO ORCHARD LLC,802-578-0731,"8151 COUNTY HIGHWAY 26, HAMDEN, NY 13782"
ADRIENNE J. PLOSS DBA HICKORY HURST FARM,716-789-9427,"4083 WEST LAKE ROAD, MAYVILLE, NY 14757"
DRAKES GREENHOUSE,315-578-2359,"417 STATE HIGHWAY 184, HEUVELTON, NY 13654"
CHOINIERE FARMS & EQUIPMENT,518-521-3496,"2712 ROUTE 11B, NORTH BANGOR, NY 12966"
COUNTY LINE TREE FARM,607-3164904," ROUTE 12 NORTH, SHERBURNE, NY 13460"
GRACE'S GREEN THUMB,315-777-0765,"9846 STATE RT 812, CROGHAN, NY 13327"
ROCKIN HOPS LLC,518-899-4288,"45 CARY ROAD, MECHANICVILLE, NY 12118"
D&E PRODUCE,607-869-5691,"5839 ROUTE 96, ROMULUS, NY 14541"
HERITAGE FARM & GARDEN INC,516-922-1026,"6050 NORTHERN BLVD, EAST NORWICH, NY 11732"
POWERS COUNTRY GARDENS,631-886-1407,"886 ROUTE 25A, MILLER PLACE, NY 11764"
SHADOW BROOKE VIEW GREENHOUSE,607-264-3395,"5573 ROUTE 20, EAST SPRINGFIELD, NY 13333"
SCHLABACH'S NURSERY,585-798-6198,"10772 MILL ROAD, LYNDONVILLE, NY 14098"
RURAL & MIGRANT MINISTRY INC,908-875-7303,"1725 BRENTWOOD RD, BRENTWOOD, NY 11717"
ROSEDALE NURSERIES INC,845-255-8874,"542 SAND HILL ROAD, GARDINER, NY 12525"
YODERS GREENHOUSE,,"1210 STATE ROAD 248A, WHITESVILLE, NY 14897"
R J SCHICKLER NURSERY,585-746-3393,"820 CHILI SCOTTSVILLE RD, SCOTTSVILLE, NY 14546"
WINDY RIDGE ACRES,315-376-0128,"9085 RIDGE ROAD, CASTORLAND, NY 13620"
HIDDEN SPRINGS TREE FARM LLC,,"3497 COUNTY ROUTE 61, ANDOVER, NY 14806"
HAFF ACRES FARM LLC,716-753-2467,"5065 WEST LAKE ROAD, MAYVILLE, NY 14757"
ACOCELLA LANDSCAPINGLTD,914-723-2700,"68 GAYLOR ROAD, SCARSDALE, NY 10583"
DUTCHESS COUNTY CCE,845-677-8223,"2715 ROUTE 44, MILLBROOK, NY 12545"
ELMERS ACRES,716-260-0006,"8849 EAST EDEN RD, EDEN, NY 14057"
ENGELS ACRES,518-874-1350,"445 BRUNSWICK RD, TROY, NY 12180"
MICHAEL BESHON,518-536-6305,"168 JERSEY SWAMP ROAD, PLATTSBURGH, NY 12901"
W&K SPLIT RAIL NURSERY & TREE FARM,845-795-5643,"346 MAHONEY ROAD, MILTON, NY 12547"
DAVIS NURSERY LLC,607-965-8223,"172 EAST WALT DAVIS ROAD, EDMESTON, NY 13335"
LEAF ME BE,585-746-9515,"8095 STATE ROUTE 90, PORT BYRON, NY 13140"
ROBINSONS FLORIST & GIFTS,315-245-2140,"3020 MCCONNELLSVILLE, BLOSSVALE, NY 13308"
GROUNDWORKS LANDSCAPING INC,631-324-7373,"530 MONTAUK HWY, EAST HAMPTON, NY 11937"
NOON CONSULTING,870-321-2705,"17 MIDDLE COUNTRY ROAD, MIDDLE ISLAND, NY 11953"
OAK HILL GREENHOUSE,,"585 OAK HILL ROAD, FREWSBURG, NY 14738"
BOICES FARM,845-246-7426,"600 KINGS HIGHWAY, SAUGERTIES, NY 12477"
ZIMMERMANS HOMEGROWN PRODUCE,315-536-7182,"936 LOVEJOY ROAD, PENN YAN, NY 14527"
GREEN FROG CONSULTING LLC,719-427-9882,"4795 US-219, GREAT VALLEY, NY 14741"
WEAVER'S FARM MARKET,585-554-6569,"4100 POWELL ROAD, CANANDAIGUA, NY 14424"
BERLE FARM,518-686-3249,"319 BEECHWOOD RD, HOOSICK, NY 12089"
WATAUGA FALLS MARKET,607-746-3589,"45793 STATE HIGHWAY 10, DELHI, NY 13753"
MARTIN GILBERT GREENHOUSE,716-625-9554,"6428 BEAR RIDGE ROAD, LOCKPORT, NY 14094"
MARBRI NURSERY LLC,,"985 UNION AVE, AQUEBOGUE, NY 11931"
WENGERD NOAH,,"11723 RESERVOIR ROAD, WAYLAND, NY 14572"
DAISY GARDEN CORP,631-363-2708,"18 PARK AVENUE, BLUE POINT, NY 11715"
TAIDA ORCHIDS NY INC,845-744-3988,"156 DUBOIS STREET, PINE BUSH, NY 12566"
BROCKHAMMER FARM,315-250-8147,"290 FRYE ROAD, FORT COVINGTON, NY 12937"
5 CORNERS GREENHOUSE,315-783-5600,"27516 FIVE CORNERS ROAD, CALCIUM, NY 13616"
VERDERBER LANDSCAPE NURSERY INC.,631-722-4388," PECONIC BAY BLVD, JAMESPORT, NY 11947"
ROSEDALE NURSERIES INC,914-769-1300,"51 SAW MILL RIVER RD RT 9A, HAWTHORNE, NY 10532"
ADK GROWERS LLC,315-328-4482,"2825 STATE HWY 11B, HOPKINTON, NY 12965"
DREAMING GREEN NURSERY,585-443-0958,"27 FRUIT STREET, PERRY, NY 14530"
PETAL CREEK FARM LLC,253-376-8391,"639 SPRING LAKE ROAD, RED HOOK, NY 12571"
J&E GREENHOUSE,,"6154 ROUTE 305, BLACK CREEK, NY 14714"
JIM STAKEY GREENHOUSES LLC,631-722-4435,"310 WEST LANE, AQUEBOGUE, NY 11931"
LAUREL GROVE GREENHOUSE LLC,914-856-2713,"16 HIGH STREET, PORT JERVIS, NY 12771"
ALAN FRANKES NURSERY,315-926-5128,"4169 HALL CENTER RD/UPPER SPITTAL, WALWORTH, NY 14568"
MARK MOSKOWITZ LANDSCAPE DESIGN,631-329-5971,"1471 SCUTTLEHOLE ROAD, BRIDGEHAMPTON, NY 11932"
CHARIS MEADOW FARM,607-207-7880,"223 FRANZEN RD, RICHMONDVILLE, NY 12149"
PINE ROSE FARM LLC,607-351-0200,"5186 PINE RIDGE ROAD, TRUMANSBURG, NY 14886"
LAKESIDE SOD SUPPLY CO IN,716-741-2877,"6660 GOODRICH ROAD, CLARENCE CENTER, NY 14032"
GUPTILLS GREENHOUSE,518-4215750,"173 STATE ROUTE 144, HANNACROIX, NY 12087"
FINKS COUNTRY FARM INC,631-886-2272,"6242 MIDDLE COUNTRY RD, MANORVILLE, NY 11949"
JJ'S FLOWERS,315-465-4152,"4499 ROUTE 11, PIERREPONT MANOR, NY 13674"
DOUBLE A VINEYARDS INC,716-672-8493," DENNISON & KING RDS, IRVING, NY 14081"
MANDY SPRING FARM NURSERY INC,518-642-3676,"1637 COUNTY ROUTE 28, GRANVILLE, NY 12832"
HICKORY HOLLOW LANDSCAPERS LTD,845-354-8946,"713 ROUTE 17S, TUXEDO, NY 10987"
ORNAMENTAL PLANTINGS GREENHOUSE,631-765-2410," ROUTE 48, SOUTHOLD, NY 11971"
HEAVEN SENT FARM,315-789-8138,"100 BOSTWICK RD, PHELPS, NY 14532"
CANAAN GENERALSTORE LLC,518-781-7900,"13361 ROUTE 22, CANAAN, NY 12029"
PEAT & SON CORPORATION,,"301 REEVES AVE, RIVERHEAD, NY 11901"
GARDENIA DESIGNS LANDSCAPING INC,315-794-2305,"10703 MILLER RD, UTICA, NY 13502"
"ZINO NURSERIES AND LANDSCAPING, INC",518-325-3658," NORTH MOUNTAIN RD - FARM C, COPAKE FALLS, NY 12517"
ZUKE ACRES LLC,607-206-8200,"371 HUNT HILL ROAD, PORT CRANE, NY 13833"
EWECASTLE,518-842-3556,"375 LANGLEY ROAD, AMSTERDAM, NY 12010"
CHEAP SAMS PLANT BARGAINS LLC,203-686-0252,"148 MORRIS AVE NORTH, HOLTSVILLE, NY 11742"
COUNTRY FLOWERS GIFTS & GOODIES INC,845-647-5256,"2 RIVER ST, NAPANOCH, NY 12458"
YOUNG HICKORY FLOWER FARM INC,607-525-6564,"2819 COUNTY ROUTE 117, TROUPSBURG, NY 14885"
SCENIC HILL GREENHOUSE,518-483-2570,"272 MONTGOMERY RD, BURKE, NY 12917"
WAYSIDE FARMS,315-594-2000,"12624 RIDGE ROAD, WOLCOTT, NY 14590"
LOCAL ROOTS FARM,716-870-6584,"5328 W LAKE RD, BURT, NY 14028"
STONE BROTHERS,315-655-3213,"3652 MILESTRIP ROAD, CANASTOTA, NY 13032"
BOBS TREES,518-627-4260," LAKE ROAD, HAGAMAN, NY 12086"
PACHAMAMA MARKET GARDEN LLC,347-749-0560,"1565 GRAND CONCOURSE 1A, BRONX, NY 10452"
FLOWERING MDOW NRS INC,518-946-7828,"269 GLEN ROAD, JAY, NY 12941"
BACK YARD GREENHOUSE,,"5666 FLAT IRON RD, CONEWANGO VALLEY, NY 14726"
LA CORTES FARMSTAND,516-315-0821,"339 MONTAUK HIGHWAY, MORICHES, NY 11955"
TNT GREENHOUSES,315-695-5610,"21 WHITEWOOD TRACT, PHOENIX, NY 13135"
CHAMBERLAIN ACRES,607-259-7907,"824 BROADWAY, ELMIRA, NY 14904"
JC & PC CORP DBA CERES FARM,516-974-8630,"24 EAST STREET, SOUTH SALEM, NY 10590"
ZIMMERMAN CHRISTIAN,607-243-8282,"5009 BIGELOW HILL ROAD, DUNDEE, NY 14837"
RICHARD VANDERWALKER,716-772-2450,"4323 ROYALTON CENTER ROAD, GASPORT, NY 14067"
CHEEVER COUNTRY GARDENS,518-546-7935,"4644 NYS RT 9N, PORT HENRY, NY 12974"
SMIL'N BLOOM,716-761-2111,"8108 BAILEY HILL RD, SHERMAN, NY 14781"
GOSSETT BROTHERS NURSERY,914-763-3001,"1202 ROUTE 35, SOUTH SALEM, NY 10590"
BITTERSWEET FARM,315-344-0443,"1249 STATE HIGHWAY 184, HEUVELTON, NY 13654"
WHITMORE NURSERIES INC,631-267-3756," HORTON AVE, RIVERHEAD, NY 11901"
PARMELEE FARMS INC PULLYS FARM MKT,585-768-2280,"-8165 PARMELEE, LEROY, NY 14482"
MONUMENT MOUNTAIN FARMS LLC,607-743-2166,"144 THOMPSON ROAD, WINDSOR, NY 13865"
SARATOGA SOD FARM INC,518-664-5038,"4064 RIVER ROAD, SCHAGHTICOKE, NY 12154"
MILL POND EVERGREEN NURSERY,315-532-2665,"8295 STATE ROUTE 104A, RED CREEK, NY 13143"
MORRIS HEMP,716-392-7513,"2310 BOWEN RD., ELMA, NY 14059"
WILLY NILLY GARDENING LLC,518-524-6804,"167 RIVER STREET, SARANAC LAKE, NY 12983"
ERIE WAY TREE FARM,585-638-7017,"4770 S HOLLEY RD, HOLLEY, NY 14470"
VANBUREN ENTERPRISES,716-913-5957,"6865 WOLCOTTSVILLE RD, AKRON, NY 14001"
MOUNTAIN VIEW HANDCRAFTED GIFTS AND THINGS LLC,845-705-7953,"120 MOUNTAIN VIEW ROAD, FISHKILL, NY 12524"
HILLTOP NURSERY & GARDEN CENTER,914-468-6633,"2028 ALBANY POST RD, CROTON ON HUDSON, NY 10520"
ALTAMONT ORCHARDS INC,518-861-6515,"6654 DUNNSVILLE ROAD, ALTAMONT, NY 12009"
W3WORKS,585-223-5174,"10 OTTERDEN LN, FAIRPORT, NY 14450"
ROCKEFELLER RANCH LLC,845-389-8547,"440 COUNTY RT 6, GERMANTOWN, NY 12526"
WEGMANS #156,585-208-6447,"770 BROADWAY, NEW YORK, NY 10003"
AMOS ZITTEL &SONS INC,716-992-4574,"3208 BLEY ROAD, EDEN, NY 14057"
RUSSELLS TREE & SHRUB FARM LLC,716-689-6764,"7315-7285 SALT ROAD, CLARENCE, NY 14032"
COUNTRYSIDE POWER & LANDSCAPE,518-796-1245,"1107 STATE ROUTE 22, CAMBRIDGE, NY 12816"
BMM FARMS LLC,516-369-0113,"1368 NORTHVILLE TURNPIKE, RIVERHEAD, NY 11901"
WILD APPLE MULCH INC,518-257-2543,"4656 SACANDAGA ROAD, GALWAY, NY 12074"
SKY-HIGH TURF FARM,315-687-6510,"8072 LAKEPORT ROAD, CHITTENANGO, NY 13037"
AUDRA MACCOLLUM,315-468-6020,"602 CHERRY RD, SYRACUSE, NY 13219"
FARMIRS FLOWERS,315-391-8643,"829 KEENEY RD, FABIUS, NY 13063"
BROOKLYN BOTANIC GARDEN,718-623-7200,"1000 WASHINGTON AVENUE, BROOKLYN, NY 11225"
RIVER SIDE FARMS,716-560-5594,"3314 RIVERSIDE DRIVE, SCIO, NY 14880"
CUMMINS NURSERY/INDIAN CREEK FARM,607-227-6147,"1408 TRUMANSBURG RD, ITHACA, NY 14850"
PARSONS VEGETABLES,518-284-2330,"756 US ROUTE 20, SHARON SPRINGS, NY 13459"
"SMOKING LIZARD, LLC",718-885-1269,"2453 7TH AVENUE, NEW YORK, NY 10030"
KENNETH J LINDSTROM,716-648-2371,"7314 BOSTON STATE ROAD, HAMBURG, NY 14075"
STARKIE BROS GARDEN CENTER,631-293-7148," DEPOT LN, CUTCHOGUE, NY 11935"
ALLEN Z ZIMMERMAN,315-536-9034,"1771 HOYT RD, PENN YAN, NY 14527"
C&J FARMS & GREENHOUSE LLC,315-623-9516,"280 LOWER ROAD, CONSTANTIA, NY 13044"
JOSEPH HEBERLE FARMS,,"1951 REDMAN RD, HAMLIN, NY 14464"
SHAQDIS BOOKS & MARKETPLACE INC,315-549-5489,"1394 HENNESSEY RD, ONTARIO, NY 14519"
CLEATUS FARMS INC,201-769-3099,"35 BART BULL ROAD, WALLKILL, NY 12924"
VALLEY VIEW GREENHOUSE,607-243-3796,"1714 PORTERS CORNERS RD, DUNDEE, NY 14837"
TICKLE THE EARTH,315-583-5660,"13501 COUNTY ROUTE 155, ADAMS CENTER, NY 13606"
NATURAL BRIDGE FARM,518-843-1319,"778 STATE HIGHWAY 67 EAST, AMSTERDAM, NY 12010"
CLARKS LAVENDER FARM,802-498-7512,"860 STATE ROAD 20, NEW LEBANON, NY 12125"
WERNER FARMS,585-414-7904,"8427 WEST HENRIETTA ROAD, RUSH, NY 14543"
LOCUST GROVE PRODUCE,315-536-6698,"772 PRE-EMPTION ROAD, PENN YAN, NY 14527"
BOUTONS GREENHOUSES,607-547-5210,"6444 STATE HIGHWAY 28, FLY CREEK, NY 13337"
HAPPY RETURNS,315-493-4535,"3345 FULLER ROAD, CARTHAGE, NY 13619"
NORTHERN DUTCHESS BOTANICAL GARDENS,845-876-2953,"389 SALISBURY TURNPIKE, RHINEBECK, NY 12572"
MAPLE RIDGE ENTERPRISES,716-681-4931,"3717 BOWEN ROAD, LANCASTER, NY 14086"
FROSCHAUERS GREENHOUSES,315-338-0639,"6696 S JAMES ST, ROME, NY 13440"
CONSTANTINE CONST AND FARM INC,518-458-8294,"564 ALBANY SHAKER RD, ALBANY, NY 12211"
SLATER FARM,315-374-7450,"2701 WISE ROAD, CATO, NY 13033"
NFK ENTERPRISES,716-830-1490,"6155 SALT ROAD, CLARENCE, NY 14031"
HILLTOP GREENHOUSE,AMISH,"9087 COUNTY ROUTE 15, FILLMORE, NY 14735"
PALMITERS GARDEN NRSY,585-226-3073,"2675 AVON GENESEO ROAD, AVON, NY 14414"
NG GROWERS INC DBA NANTICOKE GARDENS,607-341-5699,"2095 STATE ROUTE 26, ENDICOTT, NY 13760"
CAROL WATSON GREENHOUSE & LANDSCAPING INC,315-677-0286,"2980 SENTINEL HEIGHTS RD, LA FAYETTE, NY 13084"
BOCES ERIE-CATTARAUGUS LOGUID ED CTR,716-549-4454,"9520 FRED STOCK., FREDONIA, NY 14063"
BUTTENSCHON TREE FARM,315-865-4849," ROUTE 365, HOLLAND PATENT, NY 13354"
HOOVER MAHLON & MARTHA,607-243-7259,"3817 LAKEMONT HIMROD ROAD, HIMROD, NY 14842"
NAHE LLC,646-894-9076,"1337 CORBIN HILL ROAD, SLOANSVILLE, NY 12160"
LUMBER AND SALT,917-687-0063,"5570 SOUND AVE, RIVERHEAD, NY 11901"
EMMAS GARDEN GROWERS INC,631-692-7627,"285 SWEET HOLLOW ROAD, HUNTINGTON, NY 11743"
SCHICHTELS NURSERY INC,716-592-9383," HOFFMAN ROAD, SPRINGVILLE, NY 14141"
FIG,315-373-6152,"3170 RESTON DR, BALDWINSVILLE, NY 13027"
ALEX FARM/ JERSEY FARM PRODUCE INC,908-797-0718,"51 CHAMBERST ST, NEW YORK, NY 10007"
SHADE TREES NURSERY INC,631-722-4041,"1875 MAIN ROAD, JAMESPORT, NY 11947"
TRIPLE P FARMS LLC,585-948-8100,"9 ORCHARD STREET, OAKFIELD, NY 14125"
LAMAYS TREE SERVICE INC,631-549-8733,"DURYEA RD & MAXESS, MELVILLE, NY 11747"
SAN DAMIANO FARM,845-335-1006,"21 FRANCISCAN WAY, GARRISON, NY 10524"
LEE'S EGG FARM 2 LLC,845-292-0000,"525 BRIGGS HIGHWAY, ELLENVILLE, NY 12428"
ZUHOSKI FARMS,631-734-5036,"11825 OREGON ROAD, CUTCHOGUE, NY 11935"
STONEY CREEK NURSERY,607-280-2526,"883 ROUTE 34, GENOA, NY 13071"
YULE TREE FARMS,607-324-5374," BAILEY HILL ROAD, BISHOPVILLE, NY 14804"
HENRYS GARDENS INC,,"7884 SISSON HIGHWAY, EDEN, NY 14057"
JUNIORS DESIGN AND BUILD FIRM,716-444-2952,"7804 BLEY RD, EDEN, NY 14057"
MCENROE ORGANC FARM,518-789-3252,"194 COLEMAN STATION ROAD, MILLERTON, NY 12546"
SUNNY MEADOWS GREENHOUSE,,"9448 BULL HILL ROAD, PRATTSBURGH, NY 14873"
DABS LANDSCAPING LLC,518-356-3953,"1640 DUANESBURG ROAD, SCHENECTADY, NY 12306"
FINCH FARM,607-287-2266,"2288 HOG MTN ROAD, FLEISCHMANNS, NY 12430"
AUGUSTINE BROS CORP,845-338-4936,"200 SAWKILL ROAD, KINGSTON, NY 12401"
SHAOLIN GALORE EXOTICS,,"1018 POST AVE, STATEN ISLAND, NY 10302"
SEED SONG FARM & CENTER,845-902-8154,"160 ESOPUS AVENUE, KINGSTON, NY 12401"
YAGER FARMS,716-992-9644,"2163 NEW JERUSALEM ROAD, EDEN, NY 14057"
PIKES GREENHOUSE,585-208-6041,"5672 EAVON LIMA ROAD, AVON, NY 14414"
COCOEDGE INC,,"141 BEACH 56TH PLACE, ARVERNE, NY 11692"
DALESSANDROS NURSERY & LANDSCAPING,315-738-0434,"1346 HIGBY ROAD, FRANKFORT, NY 13340"
ROSEDALE NURSERIES INC,,"133 MILLS ROAD, WALDEN, NY 12586"
ERWAY FARMS LLC,716-308-2997,"4202 WILLOW, WILSON, NY 14172"
MYSTIC FARM,518-753-4966,"22 MEADOWVIEW DRIVE, SCHAGHTICOKE, NY 12154"
DECKER PAMELA,585-298-1110,"1935 COUNTY ROAD 28, CANANDAIGUA, NY 14424"
GRANDPAS NURSERY & GARDEN INC,315-483-6784,"6720 ROTTERDAM ROAD, SODUS, NY 14551"
LAKESIDE SOD SPLY CO IN,716-741-2877," FREY FARM-8850 GOODRICH ROAD, CLARENCE CENTER, NY 14032"
HOLLOW CREEK FARMS INC,585-226-8593,"2124 DUTCH HOLLOW CREEK ROAD, AVON, NY 14414"
SIBIGA NURSERY FARM,716-941-6304,"5595 SHERO ROAD, HAMBURG, NY 14075"
CLAIRES GARDEN CENTER,845-828-6632,"210 HAVILAND HOLLOW ROAD, PATTERSON, NY 12563"
MARIANNE ZIMMERMAN,607-243-8681,"6237 READING ROAD, ROCK STREAM, NY 14878"
GRASSE RIVER HEMP,315-212-6002,"55 LOWER PINE STREET, POTSDAM, NY 13676"
PATRIOT GARDENS,315-375-6633,"1111 NORTHUMBERLAND ST, MORRISTOWN, NY 13664"
WJF FARMS LLC,,"11750 OREGON ROAD, CUTCHOGUE, NY 11935"
FRANCINES,607-821-8933,"164 CHAPEL STREET, WINDSOR, NY 13865"
HILLTOP GREENHOUSE,518-339-4212,"84 HUMPHREY WAY, VALLEY FALLS, NY 12185"
BEHNS BEST PERENNIALS INC,518-766-9820,"4569 RT 66, MALDEN BRIDGE, NY 12115"
MARCOS DIEGO FLOWERS,315-622-0570,"4511 BUCKLEY RD, LIVERPOOL, NY 13088"
GARDEN OF EVE LLC,631-722-8777,"4558 SOUND AVENUE, RIVERHEAD, NY 11901"
WALSH MIKE & SONS GREENHOUSES INC,631-475-2698,"328 PATCHOGUE-YAPHANK ROAD, EAST PATCHOGUE, NY 11772"
COPIA MARKETS CORPORATION,914-533-7242,"475 SMITH RIDGE RD, SOUTH SALEM, NY 10590"
L & M GREENHOUSES,845-583-4648,"1986 ROUTE 17B, BETHEL, NY 12720"
WOODCHUCK MEADOWS NURSERY & GREENHOUSE,315-678-1431,"8993 DINGLEHOLE RD, BALDWINSVILLE, NY 13027"
HILLTOP GREENHOUSE,315-536-1063,"2664 ROUTE 364, PENN YAN, NY 14527"
HILLCREST GARDENS,607-339-6485,"1 HILLCREST DRIVE, DRYDEN, NY 13053"
DEBUCKS SOD FARM OF NY,845-258-4131," INC - GLENWOOD ROAD, PINE ISLAND, NY 10969"
BEDS & BORDERS INC,631-298-1836,"600 LAUREL LANE, LAUREL, NY 11948"
BRIZZELL FARM & GREENHOUSES,518-857-7873,"22 GUTBRODT ROAD, MELROSE, NY 12121"
WAYSIDE GARDEN CENTER,585-223-1222,"124 PITSFORD PALMYRA RD, MACEDON, NY 14502"
SHILOW FARM AND LANDSCAPING,315-402-6184,"383 COUNTY ROUTE 7, HANNIBAL, NY 13074"
JOHNSTONE FLORIST,518-673-2711,"136 GRAND STREET, PALATINE BRIDGE, NY 13428"
CURDIES CREATIONS,518-834-0160,"1831 ROUTE 9, KEESEVILLE, NY 12944"
LINDA J HAHN,315-635-9328,"8630 DUNHAM ROAD, BALDWINSVILLE, NY 13027"
MOUNTAIN VIEW GARDENS,845-339-0451,"396 BROADWAY ROUTE 9W, ULSTER PARK, NY 12487"
SEGUIN FAMILY FARM,518-637-2266,"659 NASHVILLE RD, SARANAC, NY 12981"
LORIS LNDSCP&PERENNIAL,607-637-3700,"19 TRESTLE ROAD SUITE 2, HANCOCK, NY 13783"
D&J BRAWDY FARMS INC,716-818-5786,"8053 JENNINGS ROAD, EDEN, NY 14057"
DECORATIVE GARDENS INCORPORATED,631-727-9511,"3726 MIDDLE COUNTRY ROAD, CALVERTON, NY 11933"
DAVIS STELLA,607-765-2799,"3 MATSON ROAD, RICHFORD, NY 13835"
STARR NURSERY LLC,516-496-4434,"4152 MIDDLE COUNTRY RD, CALVERTON, NY 11933"
WORTH EVERY PENNY LLC,646-494-5653,"480 SAINT MARKS AVE, BROOKLYN, NY 11238"
A J TEETER FARM,607-280-1494,"71 GRAY ROAD, ITHACA, NY 14850"
HORST FARM MARKET,607-869-4543,"2604 COUNTY RD 129, ROMULUS, NY 14541"
BRIARCLIFF SOD INC,631-734-6366," MAPLE LANE, PECONIC, NY 11958"
HIDDEN VIEW GREENHOUSE,,"16 CAVANAUGH CORNERS ROAD, BOMBAY, NY 12914"
MAJOR BLOSSOM FARM LLC,917-250-0626,"5098 RT 17M, NEW HAMPTON, NY 10958"
JOES PLANT SHACK,315-491-3167,"5632 GULF RD, CHITTENANGO, NY 13037"
MILL POND EVGRN NUR,315-532-2665,"13069 IRA STATTION ROAD, MARTVILLE, NY 13111"
DOUBLE A VINEYARDS INC,716-672-8493," KUHRT RD EAST OF KING RD, FORESTVILLE, NY 14062"
SUNNY GARDEN GREENHOUSES,845-297-4400,"2238 ROUTE 9D, WAPPINGERS FALLS, NY 12590"
DOUG-MAR FARMS,315-776-5877,"10090 STATE RT 38, PORT BYRON, NY 13140"
SUSAN BISHOP,315-481-8503,"952 LICK STREET, GROTON, NY 13073"
MARKRISTO FARM,518-325-4261,"2891 ROUTE 23, HILLSDALE, NY 12529"
T J MART INC,646-775-8075,"188 ECHO AVE, MILLERPLACE, NY 11764"
COASTAL GREENHOUSES LLC,631-727-1980,"2296 SOUND AVENUE, BAITING HOLLOW, NY 11933"
DEFISHER GREENHOUSES,315-483-8175,"7241 RIDGE ROAD, SODUS, NY 14551"
WILLIAMS FRUIT FARM,845-389-1700,"478 RED TOP ROAD, HIGHLAND, NY 12528"
CHAMPLAIN PEONY COMPANY,518-637-7640,"1444 STATE ROUTE 22, ESSEX, NY 12936"
SANDY'S GARDEN CENTER,631-878-2193,"221 DAYTON AVE, MANORVILLE, NY 11949"
HOMEGROWN NURSERIES AND FARM LLC,917-848-4413,"635 LYNDHURST MUSEUM LANE, TARRYTOWN, NY 10591"
BUTTERFLY EFFECT,315-759-5765,"79 STARK STREET, WATERLOO, NY 13165"
DARK HOLLOW FARMS,607-627-6582,"686 COUNTY ROAD 21, SMYRNA, NY 13464"
DEADHEAD FARMS,914-388-4600,"147 RIVERSIDE AVE, HURLEY, NY 12443"
ARTHUR'S GREENHOUSE,,"27 FULLER ROAD, PERU, NY 12972"
DOUBLE A VINEYARDS INC,716-672-8493," BENNETT STATE RD, SILVER CREEK, NY 14136"
PRIANTI FARMS INC,631-499-0772,"47 EAST DEER PARK ROAD, DIX HILLS, NY 11746"
PLEASANT VALLEY FLOWERS,315-684-3621,"4993 PLEASANT VALLEY ROAD, MORRISVILLE, NY 13408"
SUNRISE FARM,631-475-3565,"62 HEWLETT AVENUE, EAST PATCHOGUE, NY 11772"
JUNIPER HILL FARM,518-524-5652,"82 LOUKES LANE, WESTPORT, NY 12993"
POTT'D,585-474-7925,"105 ANDERSON AVE, ROCHESTER, NY 14607"
STONEY LONESOME FARM LLC,607-869-4422,"1586 COMBS ROAD, OVID, NY 14521"
BLAKE TOM VEHICLE,716-8166215,"91 TAMPA DRIVE, BUFFALO, NY 14220"
PETALS N POTS GRNHOUSES,315-654-2856," MILLENS BAY ROAD, CAPE VINCENT, NY 13618"
ROBINSON GARDENS,716-481-3540,"367 SOUTH MAIN STREET, HOLLAND, NY 14080"
DAVES VEGGIES & GREENHOUSES,607-543-0226,"5178 NYS RTE 41, HOMER, NY 13077"
JIM BOB'S GREENHOUSE,518-795-0694,"290 MCGOWEN RD, SCHAGHTICOKE, NY 12154"
GUIGNARDS GREENHOUSES,315-408-4951,"6570 #4 ROAD, LOWVILLE, NY 13367"
MONROE DEPT OF PARKS,585-753-3081,"750 EAST HENRIETTA ROAD, ROCHESTER, NY 14623"
ADS LANDSCAPES INC,845-877-0422,"80 RIDGE ROAD, DOVER PLAINS, NY 12522"
LANSINGS FARM,518-374-1637,"204 LISHAKILL ROAD, SCHENECTADY, NY 12309"
FRANK DIMAGGIO LANDSCAPING INC,516-931-3629,"782 SOUTH OYSTER BAY RD, HICKSVILLE, NY 11801"
BALET FLOWERS & DESIGN LLC,518-584-8555,"5041 NELSON AVENUE EXT, MALTA, NY 12020"
ROEMER FARMS LLC,,"250 GEDNEY HILL ROAD, COEYMANS HOLLOW, NY 12046"
ROCKCREST GARDENS INC,845-266-5203,"2313 SALT POINT TURNPIKE, CLINTON CORNERS, NY 12514"
GREENLAWN SOD FARMS INC,631-929-4900,"1375 SOUND AVENUE, WADING RIVER, NY 11792"
CHICKADEE VALLEY FARM LLC,518-696-3896,"320 STONY CREEK ROAD, HADLEY, NY 12835"
NATURAL LANDWORKS,716-537-2927," MARBLE SPRINGS ROAD - SHANNON, DELEVAN, NY 14042"
CREEKSIDE GREENHOUSE,,"4557 SOUTH LEBANON ROAD, EARLVILLE, NY 13332"
ROSE HILL HOUSE FARMS,315-382-8076,"2770 ROSE HILL RD, MARIETTA, NY 13110"
VERONICAS GARDENS,845-687-9026,"110 KRIPPLEBUSH ROAD, STONE RIDGE, NY 12484"
KNOWN SOURCE LLC,518-339-9103,"939 SARATOGA RD, BALLSTON LAKE, NY 12019"
TWIN PINE GREENHOUSE,518-332-7500,"750 PHILLIP ROAD, FORT PLAIN, NY 13339"
LAKESIDE SOD SPLY CO IN,716-741-2877," OFFICE TV BOOT TONAWAND CREEK, ROYALTON, NY 14094"
MERCANTILE GREENHOUSE,315-858-2703,"235 DROPP ROAD, RICHFIELD SPRINGS, NY 13439"
NNY WINDY ACRES NURSERY INC,315-771-8340,"23672 CO RT 3, LA FARGEVILLE, NY 13656"
PANEKS PICKIN PATCH,585-589-6155,"41 SCHUYLER STREET, BELMONT, NY 14813"
SUMMERTIME BLOOMS,716-791-3369,"2901 DICKERSONVILLE ROAD, RANSOMVILLE, NY 14131"
CENTURION FARM LLC,706-315-7471,"287 CREEK ROAD, LOCKE, NY 13092"
OUTLANDERS,716-536-3399,"753 PAYNE AVE, NORTH TONAWANDA, NY 14120"
MATTS TREE FARM & LNDSC,631-875-1465,"309 WEEKS AVENUE, MANORVILLE, NY 11949"
JAY W GUILD WHOLESALE GROWER,631-765-5299," NORTH ROAD - COUNTY ROAD 48, PECONIC, NY 11958"
RAYMOND Z NOLT,607-243-7633,"5330 GRAVEL RUN RD, DUNDEE, NY 14837"
THE NATURAL WAY ORGANIC LANDSCAPING INC,631-224-3486,"246 ROCKAWAY STREET, ISLIP TERRACE, NY 11752"
WEINHEIMER FARMS,716-731-4059,"6806 SHAWNEE ROAD, NORTH TONAWANDA, NY 14120"
RENSHAW & DAUGHTERS LLC,585-738-5027,"146 CHARLOTTE STREET, CANANDAIGUA, NY 14424"
SCHICHTELS NURSERY INC,716-592-9383,"11770 ROUTE 39, SARDINIA, NY 14030"
JENKINS & LUEKEN ORCHARDS,845-255-0999,"69 YANKEE FOLLY ROAD, NEW PALTZ, NY 12561"
HEWITTS GARDEN CENTER INC,518-399-4959,"607 FEURA BUSH ROAD, GLENMONT, NY 12077"
ELI B MARTIN,518-993-4178,"392 BROOKMANS CORNERS RD, FORT PLAIN, NY 13339"
DEHNS FLOWERS INC,518-885-6222,"15 TRIEBLE AVE, BALLSTON SPA, NY 12020"
ADIRONDACK NATURALS,518-891-4057,"993 STATE ROUTE 3, SARANAC LAKE, NY 12983"
CREEK SIDE GREENHOUSE,000-000-0000,"9670 CTY RD 3, FREEDOM, NY 14065"
PRISTINE ACRES,607-263-2158,"793 COUNTY HIGHWAY 10, LAURENS, NY 13796"
PERFECTLY BLENDED FARM,716-258-0645,"3819 RICEVILLE ROAD, MACHIAS, NY 14101"
SUNFROST FARMS INC,845-679-6690,"217 TINKER STREET, WOODSTOCK, NY 12498"
ALMOSTA FARM,610-425-2583,"201 GANSEVOORT RD, GANSEVOORT, NY 12831"
COUNTRYSIDE PRODUCE,315-536-7054,"2487 BALDWIN ROAD, PENN YAN, NY 14527"
BUCKLEYS FLOWER SHOP IN,631-324-0966,"75 MONTAUK HIGHWAY, EAST HAMPTON, NY 11937"
MICHALEEN'S FLORIST & GREENHOUSE,607-257-3203,"2826 NO TRIPHAMMER, ITHACA, NY 14850"
PARDIS PLANTS DBA FOLIAGE GARDEN,212-989-3089,"190 NORTH DIVISION AVENUE, BLUE POINT, NY 11715"
BONSAI BOY,631-569-4200,"1091 MONTAUK HWY, PATCHOGUE, NY 11772"
ORLOPS GREENHOUSE,518-785-6313,"4070 RIVER ROAD, SCHENECTADY, NY 12309"
AGLE HENRY W&SONS INC,716-992-4290,"7952 GOWANDA STATE ROAD, EDEN, NY 14057"
CHERRY VALLEY GRHSE,315-823-0629,"599 CO HWY 32A, CHERRY VALLEY, NY 13320"
GOODNESS GARDENS INC,845-355-4757,"377 COUNTY ROUTE 12, NEW HAMPTON, NY 10958"
INTERNATIONAL BONSAI ARBORETUM,585-334-2595,"1070 MARTIN ROAD, W HENRIETTA, NY 14586"
WIEMER HERMANN J-VNYARD,," COUNTY RD 16, PENN YAN, NY 14527"
BAXTERS TREE FARM LLC,607-967-8516," N. SANFORD ROAD, NO. SANFORD, NY 13730"
BATAVIA TURF LLC,585-548-2552,"7939 BANK STREET ROAD, BATAVIA, NY 14020"
PLANTS UNLIMITED LLC,607-279-9159,"6255 DRESSERVILLE RD, MORAVIA, NY 13118"
"MISS PERRY FARMS, LLC",646-935-9367,"9767 STARR HILL ROAD, REMSEN, NY 13438"
DELALIO SOD FARMS LLC,631-242-3700," RANDALL ROAD & COOPER STREET, SHOREHAM, NY 11786"
E LOPEZ NURSERY,631-734-5353,"36660 MAIN ROAD, CUTCHOGUE, NY 11935"
BROOKSIDE NURSERY,585-332-4019,"12172 EAST YATES CENTER ROAD, LYNDONVILLE, NY 14098"
LINCOLN PARK NURSERY LLC,716-692-6100,"147 OLD NIAGARA FALLS BLVD, AMHERST, NY 14228"
CORALS CORNER AND CONES,518-337-6643,"35 NORTH PARK STREET, CAMBRIDGE, NY 12816"
PRESTONS GARDEN CENTER INC,585-265-2490,"1640 STATE ROUTE 104, ONTARIO, NY 14519"
MATRAZZO FLORIST INC,518-664-4343,"29 FARRELL STREET, MECHANICVILLE, NY 12118"
SUNRISE FIELDS FARM,315-520-5565,"7070 DORN SPUR RD, BOONVILLE, NY 13309"
NATURAL LANDWORKS,716-537-2927,"ROUTE 78 & IRISH RD, NORTH JAVA, NY 14113"
NORWICH MEADOWS FRM LLC,607-336-7598,"4450 STATE HIGHWAY 23, NORWICH, NY 13815"
PEACE OF THE PIE LLC,716-560-9584,"2311 MAIN ST, COLLINS, NY 14034"
TRANQUILITY HILL FARM,315-359-8071,"3139 BIRD ROAD, CLIFTON SPINGS, NY 14432"
WAYSIDE GARDEN CENTER,,"230 PANNELL RD, FAIRPORT, NY 14450"
HOMESPUN TREASURES,716-592-3480,"11952 ALLEN ROAD, EAST CONCORD, NY 14055"
ANDERSONS PRODUCE,585-243-2175,"2774 MAIN STREET, YORK, NY 14592"
RIVERMEDE FARM,518-576-2021,"1925 ROUTE 73, KEENE VALLEY, NY 12943"
WARRENS NURSERY INC - GROW,631-726-4767,"100 MAJORS PATH, SOUTHAMPTON, NY 11968"
M&M PRODUCE,NONE,"7918 TUCKER HILL ROAD, HOUGHTON, NY 14744"
TREES OF THE WOODS,845-482-4528,"135 LEINS ROAD, PO BOX 6, CALLICOON CENTER, NY 12724"
SCARBOROUGH FIELDS & FLOWERS,845-741-4882,"2741 ALBANY POST ROAD, MONTGOMERY, NY 12549"
"INVINCIBLE SUMMER FARMS, LLC",631-512-8270,"4280 YOUNGS AVE, SOUTHOLD, NY 11971"
CONSUMER SALES INC,631-740-0443,"318 SMITHTOWN BLVD, LAKE RONKONKOMA, NY 11779"
FANTASTIC GARDENS OF LI INC.,631-475-7118,"67 AVERY AVENUE, PATCHOGUE, NY 11772"
VELESKO JERRY W,585-735-3065,"10375 MAPLE RIDGE ROAD, MIDDLEPORT, NY 14105"
SCHLECHT NURSERY INC,,"12 N BERNSTEIN BLVD, MANORVILLE, NY 11949"
ALLENWAY ACRES,315-620-2878,"8200 ALLOWAY RD, LYONS, NY 14489"
GARDEN BARN THE,518-747-8843,"351 EAST ROAD, ROUTE 42, FORT EDWARD, NY 12828"
MAPLEHORST FARM NURSERY INC,845-794-8596,"151 RAPP ROAD, MONTICELLO, NY 12701"
HANNEN MICHAEL,585-256-1124,"171 LABURNAM CRESENT, ROCHESTER, NY 14620"
HARGRAVE FARMS,585-534-5275,"3757 STATE ROUTE 21, WAYLAND, NY 14572"
PINESBRIDGE NURSERY,914-941-7663,"90 PINESBRIDGE ROAD, OSSINING, NY 10562"
BLOOMS BY BOGNER,315-733-0466,"1126 PLEASANT STREET, UTICA, NY 13501"
MICHAEL & SONS NURSERIES INC,914-592-6620,"50 OLD COUNTRY RD, ELMSFORD, NY 10523"
COUNTRY MARKETPLACE,607-775-3844,"873 NY ROUTE 11, KIRKWOOD, NY 13795"
PHILLIP HAYES,610-357-4947,"99 GOLD STREET, BROOKLYN, NY 11201"
BRADY CO-DISTINCT LANDSCAPE INC,845-229-1211,"202 HAVILAND ROAD, HYDE PARK, NY 12538"
MATHIS MERCANTILE,585-409-8499,"3610 MIDDLE RESERVATION RD, PERRY, NY 14530"
MOCKINGBIRD BELL LLC,585-520-7174,"4370 BENNETTS CORNERS ROAD, HOLLEY, NY 14470"
HOEFFNER FARMS,845-457-3453,"405 GOODWILL ROAD, MONTGOMERY, NY 12549"
GULLOS GARDEN CENTER LLC,716-646-6111,"7692 SOUTHWESTERN BOULEVARD, DERBY, NY 14047"
LANDSCAPE DETAILS INCORPORATED,,"98 INDUSTRIAL ROAD, EAST HAMPTON, NY 11937"
RESTORATION FARM,718-309-4220,"140 BETHPAGE-SWEET HOLLOW RD, OLD BETHPAGE, NY 11804"
SMITTY'S NURSERY AND LANDSCAPE INC,518-734-3489,"4681 STATE ROUTE 23, WINDHAM, NY 12496"
ELHANNON NURSERY INC,518-686-5553,"20716 STATE ROUTE 22, PETERSBURG, NY 12138"
OUTBACK FARM MARKET,717-587-0079,"2135 COUNTY ROAD 8, CANANDAIGUA, NY 14424"
FAMILY TRADITIONS TREE FARM LLC,518-922-8558,"685 ARGERSINGER ROAD, FULTONVILLE, NY 12072"
SISTER ROOTS TREE FARM,518-229-0414,"164A GRONCZNIAK RD, STILLWATER, NY 12170"
HIGHWINDS FARM,518-827-4030,"224 CAMPBELL HILL ROAD, BROOME, NY 12122"
VANDERZALM JOHN,631-286-0816,"437 HEAD OF NECK ROAD, BELLPORT, NY 11713"
DELANEY FARMS,315-469-1668,"4097 WEST SENECA TURNPIKE, SYRACUSE, NY 13215"
GARDEN TIME INC,518-793-8555,"652 QUAKER ROAD, QUEENSBURY, NY 12804"
CAROL DATTHYN FARMS,315-483-4338,"4821 ROUTE 88, SODUS, NY 14551"
MAPLE RIDGE CENTER,518-355-2390,"2999 HAMBURG STREET, SCHENECTADY, NY 12303"
HOLLOW WINDS FARM,607-746-3207,"3338 COUNTY HIGHWAY 16, DELHI, NY 13753"
MAINTENANCE MAN LANDSCAPING INC,315-363-7225,"4785 STATE ROUTE 31, VERNON, NY 13476"
THE VIOLET BARN,585-374-8592,"7209 COUNTY ROAD #12, NAPLES, NY 14512"
FISH FRM MKT&GREENHOUSE,585-289-4215,"4494 MT PAYNE ROAD, SHORTSVILLE, NY 14548"
PEDRICKS GLASS GARDENS INC,518-399-6363,"35 SARATOGA ROAD, SCOTIA, NY 12302"
TROYERS,,"7811 COATES ROAD N., HOLLAND PATENT, NY 13354"
ONE NATURE LLC,845-440-1677,"321 MAIN STREET, BEACON, NY 12508"
RADLIFF HOLLOW FARM,518-673-4877,"828 MAPLETOWN ROAD, CANAJOHARIE, NY 13317"
ETCETERA FARM LLC,518-672-4250,"936 COUNTY ROUTE 21, GHENT, NY 12075"
MAIURANOS FLOWERS,607-334-4140,"5307 STATE HIGHWAY 12, NORWICH, NY 13815"
FORD FARMS C/O LINWOOD FORD,607-329-6947,"8385 CREEKSIDE DRIVE, SAVONA, NY 14879"
SCHOHARIE VALLEY FARMS LLC,518-295-7139,"5605 STATE ROUTE 30, SCHOHARIE, NY 12095"
AUGUSTINE BROS CORP,845-338-4936,"177 VAN KLEECKS LANE, KINGSTON, NY 12401"
MARCUS & LORRAINE ZIMMERMAN,607-268-4006,"11747 CR 122, PRATTSBURGH, NY 14873"
M. MEGLIO FARMS LLC,631-338-2697,"214 EASTPORT MANOR ROAD, MANORVILLE, NY 11949"
LUCULE LLC DBA BEAR CREEK FARM,845-868-7928,"6187 ROUTE 82, STANFORDVILLE, NY 12581"
RIVER RUN TREE FARMS,518-868-9761,"329 JUNCTION ROAD, HOWES CAVE, NY 12092"
BEYOND YOUR GARDEN CORP,518-937-3065,"162 COUNTY HIGHWAY 109, BROADALBIN, NY 12025"
RAY SMITH & ASSOCIATES,631-287-6100,"1366 MONTAUK HWY, WATER MILL, NY 11976"
MARCUS & LORRAINE ZIMMERMAN,607-268-4006,"11747 CR 122, PRATTSBURGH, NY 14873"
SUNNYVILLE FARMS,,"14145 STATE HIGHWAY 37, MASSENA, NY 13662"
VALLEY VIEW MANAGEMENT  CORP,917-969-1212,"33 GILBERT LANE, PUTNAM VALLEY, NY 10579"
JON-LIN FARM,607-835-6718,"1791 OWEGO HILL ROAD, CORTLAND, NY 13045"
GABRIELSEN FARMS LLC,631-779-2540,"216 HERRICKS LANE, JAMES PORT, NY 11947"
EARSING GREENHOUSE LLC,716-826-5025,"3065 CLINTON STREET, WEST SENECA, NY 14224"
JUDYS FRUITS VEG FLWRS,315-587-9052,"9046 CATCHPOLE ROAD, NORTH ROSE, NY 14516"
HOMEGROWN DESIGNS LTD,518-421-9190,"194 STABENOW RD, CANAJOHARIE, NY 13317"
RUFF ACRES ROADSIDE MARKET,518-483-4329,"1442 COUNTY ROUTE 8, NORTH BANGOR, NY 12966"
HECTOR HOT PEPPERS,607-220-8471,"4665 STAGE RD, BURDETT, NY 14818"
GREENBELT NATIVE PLANT CENTER PROPOGATION NURSERY,718-370-9044,"3808 VICTORY BOULEVARD, STATEN ISLAND, NY 10314"
FUNKES FLOWERS,716-992-3049,"4135 ROSEDALE AVENUE, EDEN, NY 14057"
VAN COTT J NURSERIES,631-261-1779,"630 PULASKI ROAD, GREENLAWN, NY 11740"
HROBONIS GREENHOUSE VARIETIES,315-942-3466,"7457 ROUTE 13, BLOSSVALE, NY 13308"
MEL NICOTRA INC,315-243-2008,"7082 N MANLIUS RD, KIRKVILLE, NY 13082"
QUERNER FAMILY FARM LLC,201-264-3293,"1384 COUNTY RT 12, NEW HAMPTON, NY 10958"
BUTTERNUT RIDGE FARM,518-638-6656,"4323 ROUTE 40, ARGYLE, NY 12809"
HANIYA RAE,214-695-3538,"353 40TH STREET, BROOKLYN, NY 11232"
ORION NURSERY,585-352-9239,"1492 MANITOU ROAD, HILTON, NY 14468"
LAKEVIEW GARDENS,716-488-0859,"1259 NORTH MAIN STREET, JAMESTOWN, NY 14701"
PINE VALLEY FARMS,607-739-2319,"3651 WATKINS ROAD, PINE VALLEY, NY 14872"
EVERLASTING SPRING GARDEN CENTER LLC,845-295-0856,"3195 ROUTE 52, WHITE SULPHER SPRS, NY 12787"
CRITTER HAVEN FARM,315-256-5154,"18910 COUNTY ROUTE 3, CLAYTON, NY 13624"
LASTING DREAMS ENTERPRISES,716-648-4920,"6425 SOUTH ABBOTT ROAD, ORCHARD PARK, NY 141274704"
SCHERER STEPHEN,518-828-7501,"385 ROUTE 31, HUDSON, NY 12534"
VALS COUNTRY CREATIONS,518-358-9225,"471 REAGAN FLATS ROAD, BOMBAY, NY 12914"
LITTLE WAGON ROADSIDE FARMSTAND,518-645-5530,"882 MIDDLE RD, WILLSBORO, NY 12996"
ABUNDANT HARVEST ORGANIC PRODUCE,315-789-1094,"1605 PRE EMPTION STREET, GENEVA, NY 14456"
EAST BRANCH ORGANICS,518-576-9043,"10861 US ROUTE 9N, KEENE, NY 12942"