Company Name,Emails
COCKBURN FARM LLC,424-3574cockburnfarm@gmail.com
DARATT FARMS,
BROKEN CHIMNEY FARM LLC,
KEIL NORMAN NURSERY,
NEW STARTS,
HIGH HOPES FARM,
CORNELL COOPERATIVE EXTENSION SCHENECTADY COUNTY,schenectady-mailbox@cornell.edu ara225@cornell.edu
TWIN MAPLE FARM,
TURNBULL NURSERY INC,
BRIZZELL'S FLOWERS,flwrprincessone@aol.com
WELLS HOMESTEAD,
SUSAN BISHOP,XHw@U.WQ g@k.Yh
DELEA LEASING CORP  DBA DELEA SOD FARMS,
SEED SONG FARM & CENTER,
FRESH MEADOW FARM,
NATURESCAPES,
GO NATIVE PERENNIALS,Emailgonativeskan@gmail.com
COYOTE HILL FARM,
BROWNSON FAMILY FARM,brownsonfamilyfarm1975@gmail.com
ROCHESTER NW ROTARY INTERACT CLUB,matt@koronafamily.com margret@margretroberts.com bobkern@outlook.com
HELLERS FARM,info@hellersfarm.com info@sustainabletompkins.org
VERDERBER LANDSCAPE NURSERY INC,VERDERBERINFO@GMAIL.COM
COUNTRYSIDE NURSERY,
WINDY ACRES GREENHOUSE & NURSERY,
NATURE MAIDEN PLANTS,
CASLER FLOWER FARM & GREENHOUSES LLC,mohawkvalleygrowersassociation@gmail.com
HILLSIDE GARDENS,
TROMBLEES GREENHOUSE + GIFTS,Hourstrombleesgreenhouse@gmail.com
R. M. PUTNEY & ASSOCIATES INC. DBA IMPACT EARTH,
JUDSONS FARM MARKET,
OUR LITTLE GREWVE FARMS,
FOREVERGREEN FARMSRUS INC,
KURTZ GREENHOUSE,
HIDDEN SPRINGS TREE FARM LLC,
WILD THINGS RESCUE NURSERY,
JAY W GUILD  WHOLESALE GROWER,info@lifga.com aw242@cornell.edu
REXCROFT FARM,
AUGUSTINE BROS CORP,info@AugustineNursery.com
HILL TOP GREENHOUSE,
PINE VIEW GREENHOUSE,
ROBERT BLUNT,
ENGELKE FARMS AND GARDEN,
STEVES GREENHOUSE LLC,purecatskills@nycwatershed.org nellyxcorrea@icloud.com
WHISKEY HOLLOW STATION,
NORTH SHORE NATIVES,
ALFREDO LDC,info@alfredoldc.com
GAKWIYO GARDENS,
HIGH BID FARM,
VAN HOUTEN FARMS LLC,
BROADVIEW GARDENS EH INC,
NORMANDIE FARM,
A & J FARM & GREENHOUSE,
LAXTONS FLORIST&NURSERY,
CORALS CORNER AND CONES,
MILL POND EVGRN NUR,
NORMAN HOLTZ,fujiwara-t@aist.go.jp ajabrilf@unal.edu.co ulbricht@physics.ucsb.edu lagullesp@unal.edu.co Timothy.Aucott@SRS.gov ohnishi@nmri.go.jp kojima-s@ile.osaka-u.ac.jp gerti.xhixha@unife.it friedrich1@llnl.gov vfd217@ire216.msk.su mantovani@fe.infn.it nicolas.barriere@iasf-roma.inaf.it Sean.Stave@pnnl.gov fabio.principato@unipa.it regis@ikp.uni g.burgada@caen.it pacedc@fusion.gat.com malvarez@if.usp.br tosiyuki@smail.tohtech.ac.jp lerche@ific.uv.es cslevin@stanford.edu dewjisa@ornl.gov davide.cester@gmail.com ahoover@lanl.gov saito.tatsuya125@canon.co.jp dirk.lennarz@gatech.edu chensz@ihep.ac.cn j.valiente-dobon@surrey.ac.uk beg031000@utdallas.edu massimo.nocente@mib.infn.it ajboston@liv.ac.uk antonino.pietropaolo@mib.infn.it herrmann@lanl.gov danilo.pacella@enea.it katou.frme.8180@asagi.waseda.jp hanna@physics.mcgill.ca jakob.larsson@biox.kth.se tonchev@tunl.duke.edu bertou@cab.cnea.gov.ar zhouxx@swjtu.edu.cn leonardo.abbene@unipa.it sfujioka@ile.osaka-u.ac.jp kevin.phelan@oeaw.ac.at li.mou@libero.it jft@hll.mpg.de rwinkler@lanl.gov rossialvarez@pd.infn.it maitrayee.sahasarkar@saha.ac.in
COLWELLS FRM MKT&GDNCTR,mcolwell@twcny.rr
OLD ORCHARD GREENHOUSE & NURSERY,
JAMESPORT GREENHOUSES,
DRIFTWOOD FARMS LLC,
SAMASCOTT ORCHARDS LLC,info@Samascott.com
MAJOR BLOSSOM FARM INC,
GRASSE RIVER HEMP,mail@potsdamcoop.com
SUJECKI FARMS & NURSERIES,k.sujeckifarms@gmail.com
CEMETERY FLORAL COMPANY,
CROSS CREEK NURSERY INC,
ZIMMERMAN FLOYD,
NATURAL IMAGES NURSERY,
FIG TREES AND FLOWERS,
LESTER W. HOOVER,info@andysgardencenter.com
SQUARE ROOTS URBAN GROWERS INC,
COASTAL GREENHOUSES LLC,contact@contactoceanmonmouth.org
VICTOR CHRISTMAS TREE FARM,ross@kidsoutandabout.com katie@kidsoutandabout.com carol@beyondthenest.com alecia@kidsoutandabout.com debraross@kidsoutandabout.com evelyn@kidsoutandabout.com michelle@kidsoutandabout.com mindy@kidsoutandabout.com amanda@kidsoutandabout.com aileen@kidsoutandabout.com lisa@kidsoutandabout.com june@kidsoutandabout.com hannah@kidsoutandabout.com julia@kidsoutandabout.com michael@kidsoutandabout.com tara@kidsoutandabout.com des@kidsoutandabout.com claire@kidsoutandabout.com angela@kidsoutandabout.com billing@kidsoutandabout.com mandy@kidsoutandabout.com
MITCHELLS ROME PRODUCE,
GALLETTAS GREENHOUSE,
SAMS BARGAIN CENTER INC,Samsbargaincenter@verizon.net
MARTIN PLANT FARM,
DICKMAN FARMS LLC,thegardencenter@dickmanfarms.com
ALTAMONT CTRY VALUESINC,
GARYS NURSERY,
LANDSCAPE DETAILS INCORPORATED,
NORWHITE SPRUCE FARM LLC,
GROUNDWORK MARKET GARDEN INC,
PANEKS PICKIN PATCH,
THE ENGLISH GARDENER LTD,englishgardenerservices@gmail.com
LIESE FARM,
NY BOTANICAL GARDEN THE,
GALLEAS TROPICAL GRNHSE,sheryl@galleas.com
GARFIELD ROAD GREENHOUSE,kaw249@cornell.edu chautauqua@cornell.edu
WYCKOFF,
GROWING FAMILY FARMS,
THE FARM AT MILLERS CROSSING - SELL,
HAWK DANCE FARM,hawkdancefarm@yahoo.com
BIODOME PROJECT,14702info@chautauquachamber.org
SIMMONS FARM,Youmarket@simmonsfarm.com
DAVENPORT FARMS,bruce@davenportfarms.com
RUDY SHETLER,
BAMBI BOYCE,
MILLERTON NURSERY & GARDEN SHOP INC,
GREEN MERCHANT GARDENING AND HYDROPONICS,
PARK LANE DAYLILIES,
RICHARD LIPSKY,
CASSIM FARMS - HATS N THINGS,
"HODGSON FARMS, LLC",hrfd1948@gmail.com
SCHICHTELS NURSERY INC,
ONE NATURE LLC,
NORTH FORK NATIVE PLANTS INC,
BELLS CHRISTMAS TREES LLC,
OLD WESTBURY GDNS INC,susan_wallman@mcgraw-hill.com
SCHUYLER FARMS,
SCHWEIZER CONRAD DR NRS,
SAUDERS GREENHOUSE,info@fergusonsgardencenter.com
FUN ACRES HERB FARM,lars.elsgaard@agrsci.dk
R&R GREENHOUSE,gisele.chaves@ufes.br eecaton@babcock.com trajce.alcinov@amecfw.com ruben.fair@converteam.co benoit.arsenault@amecfw.com alexis.lavine@amecfw.com giovane.ferri@aluno.ufes.br patrick.roussel@amecfw.com jegan@sageengineers.com dmullin@nbpower.com glaydston@pet.coppe.ufrj.br david.buchan@opg.com zlatko.catovic@opg.com sergiy.shaula@amecfw.com shen@robo.mein.naogya-u.ac.jp rajiv@textile.iitd.ac.in alaiem@ripi.ir
MIDWAY GARDEN CENTER LLC,
MAHONEY STEPHEN INC,
ACADIAN FARM,
MOORE CHRISTMAS TREE FARM,
TOWN & COUNTRY ENTERPRISES INC,info@townandcountryent.com
SILVERLEAF GRNHSES INC,
FULLY ROOTED INCORPORATED,theresa@northtonawandaflorist.com
RIVER RUN TREE FARMS,journals.permissions@oup.com emanuela.mattioli@univ-lyon1.fr christian.jungreuthmayer@boku.ac.at juergen.zanghellini@boku.ac.at
LAKESIDE SOD SPLY CO IN,turf@lakesidesod.com
MOELIUS FARMS,
DISTINGUISHED FARMS LLC,
SCHICHTELS NURSERY INC,14141info@schichtels.com
WARNER NURSERY LLC,
BRALEY FARM,
GAJESKI PRODUCE,
SARATOGA SOD FARM INC,saratoga@cornell.edu
SKY-HIGH TURF FARM,
BAYPORT FLOWER HOUSES,
WOODSIDE NURSERY INC,
BONNIE PLANTS LLC,
HOOVER HOWARD,
ACOCELLA LANDSCAPINGLTD,
JC & PC CORP DBA CERES FARM,
KELLY WHOLESALE NURSERY,
JUDY'S FALLSBURG GARDEN/I ZAKARIN & SONS INC,
PAPER POTTED PLANTS,
MAPLE RUN FARM,536-3028jerehorning@hotmail.com
DANIEL AND MARY KING,
BUD'S FLORIST & GREENHOUSE LLC,
GOLBEN FARMS,digitalcommons@cedarville.edu
TROYERS GREENHOUSE,
CRIMSON VALLEY NURSERY,
WATERTOWN GARDEN CENTER & LANDSCAPE SUPPLY INC,
MENDON ACRES,
SHIRK NATHANIEL & ARLENE,
BLUE HERON FARM,
C. CHRIST FARM,
BATAVIA TURF LLC,
USHER FARM,
DURGIN FAMILY FARM LLC,
FOREVERGREEN FARMSRUS INC,
COLONIAL ACRES NURSERY,
CHANGING SEASONS,
SHALEBROOK LANDSCAPING INC.,info@cayugalandscape.com plants@cayugalandscape.com
ADK GROWERS LLC,
SAF NY REALTY CO LLC,srl@spruceridgelandscape.com madison@cornell.edu
FLOWER HILL FARM,Usflowerhillfarmny@gmail.com
TRI VALLEY CENTRAL SCHOOL,esbusnotes@trivalleycsd.org FrankSnyder@TriValleyCSD.org RobertWhitaker@TriValleyCSD.org attendance@trivalleycsd.org AmandaEberly@TriValleyCSD.org AaronButler@TriValleyCSD.org ErinLong@TriValleyCSD.org JenniferWilliams@TriValleyCSD.org DanielleCornish@TriValleyCSD.org ssbusnotes@trivalleycsd.org RichBebenroth@TriValleyCSD.org JamesFantini@TriValleyCSD.org
CHATHAM HARDWARE INC,
STANFARM,
"SELECT HORTICULTURE, INC.",
VALLEY FARM MARKET,Borangefan@aol.com jberriansac@verio.net ronnareed@comcast.net genquestlady@aol.com tikestrea@aol.com pkmeyer@usa.net suelay@postoffice.swbell.net lyni100@mediaone.net mdillon@cannet.com jclutt@neark.net fineart@canfield-santafe.com cschwager@interbaun.com dbell@badsector.com lawson913@yahoo.com jingle@burgoyne.com bill@measurements.com hfarmer@ccpl.carr.org gleek@ptd.net rebel1@telepath.com araeris@yahoo.com JW21250@aol.com mbover@nehp.ne dwahle@pacbell.net mallard@columbia-center.org SP102741@aol.com marcinelohman@comcast.net clnisltslr@msn.com LUTTRELL-L@rootsweb.com DEBORAHC21@aol.com c_britton@yahoo.com bkthompson@bacavalley.com TVset80@aol.com john_c_brock@msn.com 4xj@comcast.net cepheplace@hotmail.com lwl@calhoun.cc.al.us pbernhardt@blomand.net jlroggy@essex1.com ringroum@cox.net birds27@msn.com littrells@webtv.net dinkime@hotmail.com moka_joka@yahoo.com edluttrell@cascadeaccess.com dluttrull@charter.net
NORTH WINDS LAVENDER FARM,ellen@northwindslavenderfarm.com
NATURAL LANDWORKS,GoGreen@LawnandGardenMarketing.org nlwjason@gmail.com
COLOR BY NATURE,
BUTTENSCHON TREE FARM,
KURT WEISS GREENHOUSES INC,
PAINTED DAISY THE,
BLOOMS FLOWER FARM,
GOOD EARTH GREENHOUSE,
NORTHVIEW GREENHOUSES LLC,
BARBATO NURSERY CORPORATION,pmcontact@nattygarden.com
AMY'S GARDENSTEAD,orders@amysflowerssparks.com
MANDALA FARM LLC,grapevinegarden@gmail.com
BROCCOLO GARDEN CENTER,
BIRD SONG FARM,birdsongfarmteam@gmail.com purecatskills@nycwatershed.org
ALMETERS TREE FARM,redbarnxmasfarm@aol.com dalmeter12@aol.com
ALAN FRANKES NURSERY,FrankeFarmsllc@gmail.com
HERRICKS LANE FARM LLC,
HENRY KENNETH A&SONSINC,
LEPANTO FLORIST LTD,
TRACY BS MARKET INC,
AMBROSE BLACK WALNUT TREES,
KABZAS VEGETABLE FARM,
ADAMS MARK GREENHOUSES INC,
MAWS FARM,
FEURA FARM,
SCHICHTELS NURSERY INC,14141info@schichtels.com
JANS GREENHOUSE,
LONGWOOD FRMS & NUR INC,volunteer@longwoodgardens.org schoolandyouth@longwoodgardens.org
GREENLAND LANDSCAPE INC,
DELRES GREENHOUSE & GARDEN CENTER,
ABNER ZOOK,
DEES NURSERY INC,
S AND R TREE FARM LLC,
FRUIT CONNECTIONS LLC,
RADLIFF HOLLOW FARM,
MANDEVILLE FARM,
HIDDEN SPRINGS TREE FARM LLC - GROW,auraly.hstf@gmail.com
Z'S NUTTY RIDGE LLC,
ERIC JOHNSON & SONS,
THE SUNSHINE SHOP,christine@bayportflower.com karl@bayportflower.com
V K ORCHIDS LLC,
SENECA GREENHOUSE,pmsenecagreenhouse@gmail.com
RAGING WINDS FARM,administrator@gvpennysaver.com
FOREVERGREENS,
SCHENECTADY CO SWCD FARM PROJECT,
MARCELLUS NURSERY INC,
SHADY MAPLE GREENHOUSE AND PRODUCE,
SCHADER FARMS,
WOOD CREEK HERB FARM,info@woodscreeknursery.com
HOLLOW ORCHIDS & HERBS,
BERKSHIRE NURSERY AND SUPPLY CORP,
MANUEL FERNANDEZ SR.,
WINDY ACRES GREENHOUSE,
"DAVID A. ERTEL, INC. DBA RUDOLPH GALLEY & SONS",
JOSEPH P MOLL AND SONS PLANT COMPANY LLC,
LAWRENCE BRUBAKER,
COUNTRY GARDENS NURSERY,
DELEA LEASING CORP  DBA DELEA SOD FARMS,customerservice@deleasod.com
PARADISE GARDENS,536-3028jerehorning@hotmail.com
SORBELLO FRANK L,
"PANTHEON COLLECTIVE INDUSTRIES, LLC",Usflowerhillfarmny@gmail.com
W&J AWALD FARMS INC,
CAYUGA LANDSCAPE CO INC,
FAMILY FRIENDS AND FLOWERS LTD,
MOHONK MOUNTAIN HOUSE,
THERA FARMS LLC,
S & SO PRODUCE FARMS LLC,
KRISTAS GREENHOUSES,
WARRENS NURSERY INC,sales@warrensnursery.com
BOWMAN ORCHARDS,
BESSBORO BUILDERS INC,Bessborobuilders@yahoo.com
EAST COAST ORCHIDS,
LANDMARK FARMS DBA,info@fultonmontgomeryny.org
OAKWOOD GREENHOUSE,
FELTHOUSENS INC,
WHITEFIELD FARM AND FOREST,chris@sunsparklersedums.com
BRIGIOTTAS FARMLAND PRODUCE & GARDEN CENTER INC,info@brigiottas.com
GRACE GARDENS,tom@gracegardens.com
DELEA LEASING CORP DBA DELEA SOD FARMS,
SOMMER NURSERIES LTD,
BLACK RIVER GREENERY,
ORCHARD VIEW FARM,
TOPIARY GARDENS,
AFTERGLOW PEAK LLC,
DIZZY LIZZIE'S FARM,
SONOFABEE FARM,
CANDY CANE FARM LLC,saratoga@cornell.edu
TUMBERS LANDSCAPING LLC,
VALHALLA GARDEN CENTER INC,
KINGS GREENHOUSE,
SHADE TREES NURSERY INC,info@shadetreesnursery.com
SCHICHTELS NURSERY INC,14141info@schichtels.com
STEPHEN J. WALKER,cesar.slm@correo.nucleares.unam.mx Francisco.Nettel@roma1.infn.it celano@imec.be richard.may@noaa.gov info@atomscience.org bravetti@correo.nucleares.unam.mx u.celano@gmail.com patti.powell@dcnr.alabama.gov phzm@ars.usda.gov
MAITRI FARM LLC,info@maitriny.com
"NYSARC, INC. CATTARAUGUS - NIAGARA COUNTIES CHAPTER",info@intandem.org
RED OAK NURSERIES INC,
MARCUS FARMS INC,NYAARP@aarp.org
GRISAMORE FARMS LLC,info@grisamorefarms.com
ANGELS GROUND COVERS INC,
ROSEDALE NURSERIES INC,
SEEBOLD FARM,webmaster@cobleskill.edu
RECKNER GREENHOUSES & FARMS LLC,
EARLYBIRD FARM,Earlybird806@gmail.com
COLORFUL GARDENS WHOLESALE LLC,colorfulgardens@aol.com
TROYS LANDSCAPE SUPPLY CO INC,
RUDOLPH YODER,
CHUCKS GREENHOUSE,Info@manscountrygardens.com bradleyfarms@aol.com upstatehydroponics@gmail.com bbakercrop@stny.rr.com info@chamberlainacres.com haskinsgardens@gmail.com support@sunsethydro.com chemung@cornell.edu
SHORTZ LANDSCAPE ASSOC INC,
GABRIELSEN FARMS LLC,
JEFF AND CHRISSY BUHRMASTER,
BLACK HORSE FARMS INC,BlackHorseFarms3@gmail.com
DAVID & ANNETTA FOX,dacf@maine.gov
AC LAWNSCAPE SUPPLY LLC,filippo.romeo@unikore.it rosalba.potenzano@unipa.it A@e3F.Gjg sofiaalfano@yahoo.it
COOK AND GARDENER,
GRETNA GARDENS,dacf@maine.gov
VAN BOURGONDIEN C J INC,
FOUR WINDS FARM,Inquiriessecondwindcsa@gmail.com
"FOXCHESTER, LLC",claims@lavocatsnursery.com info@lavocatsnursery.com
FARMERS WIFE CREATIONS,
WILLIAM A SCHMID,
MOTHER'S MUMS,
SHANAHAN TREE FARM LLC,hello@tonkadale.com
LOG CABIN PRODUCE,
LITTLE WAGON ROADSIDE FARM STAND,
SCARBOROUGH FIELDS & FLOWERS,sales@scarboroughfields.com
WAGENHALS R&SON NURSERY,
BONNIE PLANTS LLC,inquiriesmedia@bonnieplants.com
HEWITTS GARDEN CENTER INC,
HEMP FARMS LLC,
MANDY SPRING FARM NURSERY INC,
BUDZIES NURSERY - DIVISION OF BUDZIAK ENTERPRISES,Stateslittleannsflowers@gmail.com
BURKHOLDER ELI & RACHEL,claims@lavocatsnursery.com info@lavocatsnursery.com
PERCH RIVER GARDENS,
"HERKIMER CO. CHAPTER, NYSARC, INC.",info@archerkimer.org
NORTH SERVICE RD NURSERY,
BAUMANS FARM MARKET LLC,
BORELLA WILLIAM,borellanursery@gmail.com 265-2768borellanursery@gmail.com
TWIN PINES GREENHOUSES,info@orleanscountytourism.com
MICHAEL & SONS NURSERIES INC,
ELHANNON NURSERY INC,wholesale@elhannon.com
PARADISE GARDENS,
RAY MAR TREE FARM,
IVAN BURKHOLDER,
BOBS TREES,
RIVERMEDE FARM,
PIGGY GREENS MICROGREENS LLC,wegrowmicrogreens@gmail.com
BILL & GERRYS FARM,
TWIN BROOKS GARDEN CTR,
LYNDAKER FARMS LLC,
KOLBER'S FARM,
BISON NURSERY WHOLESALE INC,
LUCZAKS EVERGREEN FARMS,
BLOOMS BY BOGNER,
FAMILY TRADITIONS TREE FARM LLC,
J HURTGAM FARMS,
FRANCES FARMS LLC,
PRIMEVAL FOREST LLC,
KOPPERT CRESS USA LLC,info@koppertcress.com
PECONIC RIVER HERB FARM,
DAVID D TROYER,
BEYOND YOUR GARDEN CORP,
JASPER MEADOWS FARM,
PRAYS MARKET GROWER,
FEELING THORNY TROPICALS,theresa@northtonawandaflorist.com
JONATHAN ZEISET,
FOREVERGREEN FARMSRUS INC,
GLEN COTTAGE FARMS,
GEORGES MARKET & NURSERY LLC,
NATIVE SUN FLOWERS,
GARDENLAND INC,
EDLER ACRES,
HARRINGTONS,
LITTLE BY LITTLE NURSERY CORP DBA WILD GARDENS NURSERY,
ANNE'S/ KOEHN GIFTS,
TAYLOR GARDENS & ARTISTRY LLC,
UNDER THE TREE,
HUNTS TREE FARM,
ROOT AND ROOST FARM,
SCHUYLERS GREENHOUSE,
KC'S PRODUCE,
HERMANCE NURSERIES,
PEACHEY PRODUCE,seneca@cornell.edu
TANNER HILL HERB FARM,schoolprograms@farmersmuseum.org
ANTHONY DEMARCO & SONS INC,
DOGWOOD ACRES GREENHOUSES,
ONE NATURE LLC,
NEW AMSTERDAM NURSERY INC,
WEBER MIKE GREENHOUSES INC,
OLIVERA'S GARDEN,hello@tonkadale.com
LIGHTHOUSE GARDENS,toddlighthouse@gmail.com
KIMBERLYS GREENHOUSE INC,
DELALIO SOD FARMS LLC,
CHESTNUT RIDGE NURSERY INC,alyss1217@gmail.com
SUNSHINE MEADOWS,
IMBRIANO & SONS GARDEN SUPPLIES,
TURNBULL NURSERY INC,
STAR ROUTE FARM,
BRONNER FARM LLC,bernerfarmsltd@gmail.com
BRIAR BURR GARDENS,
SEAN DEMBROSKY,
SWEET PEA FM PERENNIALS,info@sweetpeafarmperennials.com
SONSHINE VALLEY FARMS,
BLOSSOMS N BLOOMS ETC,
SENSENIG JONATHAN,
DRAUDT RONALD & SONS,
UNDER THE TREE,info@faddegons.com
"PITTSFORD TREE AND LANDSCAPE, INC DBA VILLAGE GARDEN STORE LTD",
SPOTH DONALD FARM,support@spothfarms.com
RSK FARM,
REDHEAD RANCH SOAPS & SUNDRIES,
FUNNY FARMS FAMOUS,
HALTON HAY,scotts@scottsnursery.nb.ca
EDWARD FOX,
TOWER LOT NURSERY INC,hicksinfo@hicksnurseries.com
KATONAH NURSERY INC,
LEONS FARM MARKET,bernerfarmsltd@gmail.com
STYERS PEONIES LLC,
SANG LEE FARMS INC,
EASTLAND FARMS INC,
HILLS CHRISTMAS TREE FARM,
SCHULTZ GARDEN CENTER,
THE LO FARM LLC,12414info@thelofarm.com
STRAWS,
SEIB FARMS,
ZEHR'S FLOWERS & LANDSCAPING,
OLE' THYME FARM,
NEW LEAF A,marketing@anewleaf.org
MILLERS FARM MARKET LLC,klamendola@southerntierwest.org
VITALES FARM MARKET,A@eIE.lIn
WILLIS' PRODUCE,
EATON FARMS,
LAPLANTS LAWN&PROP MTCE,info@belgian-nursery.com
KENT COUNTRYSIDE NURSERY INC,
HEWITTS GARDEN CENTER INC,
TECHMERS NURSERY,
GARDENWORKS FARM LLC,
JOSEPHS GARDEN & GREENHOUSE,
JEWITT HILL GREENHOUSE,w@xP.tr
BURKE PLANTS,
JOHN D MADURA FARMS,
STOUGHTON FARM,info@stoughtonfarm.com
CAROLS PLANT SHED,
HUMBLE ROOTS TREE FARM,humbleroots@gorge.net
FORT HUNTER FARMS,
BEDFORD GREENHOUSE INC,733-2269tray@bedfordgreenhouses.com
HELDERLEDGE FARM,
ROMANSKI FARMS LILCO POLE,
EDWARD FELSENTHAL,
DAVENPORT GARDEN CENTER,sweetmeadowsinc@gmail.com
"BRADFORD T. REEVE, SR. AND PAUL REEVE, INC.",
BELLE GROVE FOREST FARM,davidhennenfent@yahoo.com gardencenter@leider.us
POLLIWOGS GARDEN LLC,
JANSEN E P NURSERY LLC,
STEDMAN OLD FRM NUR INC,
BACKPORCH PRODUCE,info@backporchproduce.com
ALBERT H SCHMITT,
JULIANS SCHUYLER GREENHOUSE AND PRODUCE FARMS,jerry@schuylerfarms.com
BOKA FARMS INC,
HARVESTVIEW FARM,harvestview1@aol.com
DECKERS FLATS GREENHOUSE,
TURNPIKE COMPANY LLC,info@beckersfarm.com
ORIENTAL GDN SUPPLY LLC,
TOMS THUMB LLC,
BELLA TERRA FARM,508-2677hello@bellaterraflowers.com
HALLOCK CIDER MILL INC,Hello@NorthForkAuthentic.com
ANNS PURPLE PRODUCE,sheryl@galleas.com
SEABERT FARMS,
WHITMAN NURSERIES INC,whitmannurseries@gmail.com
CARADONNA FARMS,
WHISTLE DOWN FARM LLC,
KINGS COUNTY NURSERIES INC,
MOMS FLOWERS,
MAIER FARMS,
TANDAMITI LLC,
LILLIE ACRES GREENHOUSE,
TWIN POND GRNHS&NURSERY,
KENNETH J LINDSTROM,
LEVI WENGER,wengers@emypeople.net
BRENDAN HATHAWAY,
NICOTRA FARMS INC,Uszerrillogardens@gmail.com
GLASS HOUSE FARMS,info@glasshousefarms.co
MOSES J YODER,
FINAL TOUCH,
MEADOWVIEW LLC,customerinfo@meadowviewtreefarm.com
LEROY GEHMAN,
HIDDEN SPRINGS TREE FARM LLC- GROW,auraly.hstf@gmail.com
OLISH FARMS INC,
AMBERG GRAPEVINES LLC,info@winebusinessanalytics.com
"ZINO NURSERIES AND LANDSCAPING, INC",
CASE FARMS NURSEY LLC,
BISSETT - A SITEONE COMPANY,
STYMUS FARMS LLC,
ERETZ GOSHEN FARMS INC,10924goshengreenfarminfo@gmail.com
NEW YORK HEMP SERVICE LLC,
GOZO NF NURSERIES INC,11236bklynplant@gmail.com LAPIDEbklynplant@gmail.com bklynplant@gmail.com
WEISS NURSERY & LANDSCAPING LLC,
ROOTS TO BLOOM,info@urbanroots.org
POUND RIDGE NURSERY AND GARDEN CENTER INC,
TOP NOTCH GARDEN CENTER AT NEWPORT MARKETPLACE,
DELEA LEASING CORP DBA DELEA SOD FARMS,
ANNUTTOS FARM STAND LLC,
MOUNTAIN LAKE SERVICES,gini@woyphoto.com
LIBERTY FARMS,
A&L PRODUCE,
LAKESIDE SOD SPLY CO IN,
SUNNY SIDE GREENHOUSE,
PERENNIAL CHARM NURSERY LLC,
WILLOW CREEK GREENHOUSE,
SPRUCE IT UP TREE FARM,ttfarm279@gmail.com Statesttfarm279@gmail.com
STILL MEADOW NURSERY INC,
HUBINA TREE FARM,
TOMARCHIO'S GREENEHOUSE,
A&W GREENHOUSE AND GARDENS,
VERDERBER LANDSCAPE NURSERY INC.,VERDERBERINFO@GMAIL.COM
NATURE BY DESIGN,
HARVEST MOON,
GOOD EARTH FARMS,GoodEarthNJ@gmail.com items.GoodEarthNJ@gmail.com
STILLMANS GREENHOUSE AND GARDEN CENTER LLC,
SUNFLOWER RIDGE PRODUCE & GREENHOUSE,
HEALING HOMESTEAD,theresa@northtonawandaflorist.com
E&J REWILDING CORP,
PAUL HARTMAN,
KALLECO NURSERY CORP,
MT. VISION GARDEN CENTER INC,
SHAKER CREEK FARM LLC,
TRANKA JOSEPH & SON FLORIST,
ALMA STUZMAN,
LILLIES OF FIELD PERRENIALS & GIFT SHOP,
MCDONOUGHS FARM,
CHESTER FLOWER SHOP INC,
POST ST FARM DBA ROGUE TOMATO FARMS LLC,poststfarm@gmail.com us.poststfarm@gmail.com
ADIRONDACK TREE COVELS TREE FARM & NURSERY,
THE FARM AT  MILLERS CROSSING,
DIANE'S GREENHOUSE,
GREEN HILL FARM,
EMMAS GARDEN GROWERS INC,
BEDFORD NURSERY,
MARCUS FARMS INC,
DAVID S ESH,
"CUTTING GARDEN THE, LLC",
ELEANOR PERRY,
KEIL NORMAN NURSERY,
DELEA LEASING CORP  DBA DELEA SOD FARMS,customerservice@deleasod.com
GOZO NF NURSERIES INC,oldcourtnurseries@btinternet.com
RAINY DAY GREENHOUSE & NURSERY,tricanpkg@shaw.ca b-@d.Ae.Bg
INVINCIBLE SUMMER FARMS,steph@invinciblesummerfarms.com
NORTHLAND GARDENS INC,
SOLON GARDENS,
PEACE OF THE PIE LLC,N@mQ.nn
ASCAPE LANDSCAPE & CONST. CORP,office@ascapelandscape.com
MURCOTT RICHARD,company.comcontact@company.com
SUNSET VIEW PRODUCE FARM,dacf@maine.gov
MCR FARMS,
CHUCK HAFNER FARM,
ECHO ORCHARD LLC,
MARTIN DANIEL & RUTH,
DRAKES GREENHOUSE,srl@spruceridgelandscape.com madison@cornell.edu
ADRIENNE J. PLOSS DBA HICKORY HURST FARM,hickoryhurst@gmail.com
RENAISSANCE FLORAL GALLERY,rfg199m@gmail.com
GRACE'S GREEN THUMB,info@greenthumbsgarden.com
POWERS COUNTRY GARDENS,
SHADOW BROOKE VIEW GREENHOUSE,INFO@SHADOWBROOKFARMLLC.COM
SCHLABACH'S NURSERY,
D&E PRODUCE,
ROCKIN HOPS LLC,
ROSEDALE NURSERIES INC,
WINDY RIDGE ACRES,
R J SCHICKLER NURSERY,
CHOINIERE FARMS & EQUIPMENT,dacf@maine.gov
DUTCHESS COUNTY CCE,dutchess@cornell.edu
HIDDEN SPRINGS TREE FARM LLC,auraly.hstf@gmail.com
HAFF ACRES FARM LLC,chautauqua@cornell.edu kaw249@cornell.edu hafacres@roadrunner.com
ELMERS ACRES,
W&K SPLIT RAIL NURSERY & TREE FARM,
MICHAEL BESHON,
DAVIS NURSERY LLC,
ACOCELLA LANDSCAPINGLTD,mario@marioforgioneltd.com
NOON CONSULTING,
YODERS GREENHOUSE,
RURAL & MIGRANT MINISTRY INC,
ROBINSONS FLORIST & GIFTS,
GREEN FROG CONSULTING LLC,
WEAVER'S FARM MARKET,
BERLE FARM,
WATAUGA FALLS MARKET,
LEAF ME BE,
BOICES FARM,
MARTIN GILBERT GREENHOUSE,
MARBRI NURSERY LLC,
WENGERD NOAH,
DAISY GARDEN CORP,
TAIDA ORCHIDS NY INC,
ENGELS ACRES,
5 CORNERS GREENHOUSE,
OAK HILL GREENHOUSE,Filedvia@wvva.com
ROSEDALE NURSERIES INC,
GROUNDWORKS LANDSCAPING INC,design@groundworkslandscaping.com
ADK GROWERS LLC,
DREAMING GREEN NURSERY,
PETAL CREEK FARM LLC,
J&E GREENHOUSE,jkochosc@gmail.com
LAUREL GROVE GREENHOUSE LLC,
ALAN FRANKES NURSERY,
VERDERBER LANDSCAPE NURSERY INC.,VERDERBERINFO@GMAIL.COM
MARK MOSKOWITZ LANDSCAPE DESIGN,INFO@UNLIMITEDEARTHCARE.COM
PINE ROSE FARM LLC,
LAKESIDE SOD SUPPLY CO IN,
FINKS COUNTRY FARM INC,
DOUBLE A VINEYARDS INC,
ZIMMERMANS HOMEGROWN PRODUCE,536-3028jerehorning@hotmail.com
HICKORY HOLLOW LANDSCAPERS LTD,
ORNAMENTAL PLANTINGS GREENHOUSE,
HEAVEN SENT FARM,
JIM STAKEY GREENHOUSES LLC,
PEAT & SON CORPORATION,
"ZINO NURSERIES AND LANDSCAPING, INC",
ZUKE ACRES LLC,
EWECASTLE,
CHARIS MEADOW FARM,sweetmeadowsinc@gmail.com
WAYSIDE FARMS,
LOCAL ROOTS FARM,
STONE BROTHERS,
CANAAN GENERALSTORE LLC,
YOUNG HICKORY FLOWER FARM INC,
GARDENIA DESIGNS LANDSCAPING INC,Info@GreenScapesGardenCenter.com
FLOWERING MDOW NRS INC,
COUNTRY FLOWERS GIFTS & GOODIES INC,
LA CORTES FARMSTAND,
SCENIC HILL GREENHOUSE,info@shadyhillgreenhouses.com
TNT GREENHOUSES,
BOBS TREES,bobstrees1227@gmail.com
ZIMMERMAN CHRISTIAN,
RICHARD VANDERWALKER,
GOSSETT BROTHERS NURSERY,gossettnursery@gmail.com
CHEEVER COUNTRY GARDENS,
BITTERSWEET FARM,milkweedtussocktubers@gmail.com 7245bittersweetfarm.bennett@gmail.com
WHITMORE NURSERIES INC,
BACK YARD GREENHOUSE,claims@lavocatsnursery.com info@lavocatsnursery.com
PARMELEE FARMS INC PULLYS FARM MKT,
MONUMENT MOUNTAIN FARMS LLC,
MILL POND EVERGREEN NURSERY,
WILLY NILLY GARDENING LLC,
ERIE WAY TREE FARM,
MOUNTAIN VIEW HANDCRAFTED GIFTS AND THINGS LLC,
VANBUREN ENTERPRISES,
MORRIS HEMP,
ROCKEFELLER RANCH LLC,
W3WORKS,
AMOS ZITTEL &SONS INC,
RUSSELLS TREE & SHRUB FARM LLC,
WEGMANS #156,
HILLTOP NURSERY & GARDEN CENTER,
FARMIRS FLOWERS,
BMM FARMS LLC,
AUDRA MACCOLLUM,associate-thiptida-chatham@archive.org
CUMMINS NURSERY/INDIAN CREEK FARM,CUMMINSNURSERY@GMAIL.COM
"SMOKING LIZARD, LLC",foliagegarden@aol.com
C&J FARMS & GREENHOUSE LLC,
STARKIE BROS GARDEN CENTER,info@starkiebrothers.com
JOSEPH HEBERLE FARMS,
SHAQDIS BOOKS & MARKETPLACE INC,
WERNER FARMS,
LOCUST GROVE PRODUCE,
CLARKS LAVENDER FARM,info@clarkesgarden.com
KENNETH J LINDSTROM,redbarnxmasfarm@aol.com aprime@roadrunner.com
CLEATUS FARMS INC,
VALLEY VIEW GREENHOUSE,info@valleyviewgardens.com
NORTHERN DUTCHESS BOTANICAL GARDENS,
ALLEN Z ZIMMERMAN,chris@sunsparklersedums.com
FROSCHAUERS GREENHOUSES,
NATURAL BRIDGE FARM,naturalbridgefarm@yahoo.com
MAPLE RIDGE ENTERPRISES,mapleridge7220@gmail.com
SLATER FARM,
NFK ENTERPRISES,
BOUTONS GREENHOUSES,srl@spruceridgelandscape.com madison@cornell.edu
HILLTOP GREENHOUSE,
BUTTENSCHON TREE FARM,
NG GROWERS INC DBA NANTICOKE GARDENS,
CONSTANTINE CONST AND FARM INC,laura@ccfrm.com
BOCES ERIE-CATTARAUGUS LOGUID ED CTR,CMarx@e2ccb.org JPagan@e2ccb.org
PALMITERS GARDEN NRSY,
NAHE LLC,
LUMBER AND SALT,us.brooke@mazurandco.com
SCHICHTELS NURSERY INC,14141info@schichtels.com
FIG,
CAROL WATSON GREENHOUSE & LANDSCAPING INC,
LAMAYS TREE SERVICE INC,
EMMAS GARDEN GROWERS INC,roots@hometownflowerco.com
ALEX FARM/ JERSEY FARM PRODUCE INC,
SHADE TREES NURSERY INC,info@shadetreesnursery.com
YULE TREE FARMS,Dan@StutzmanFarms.net
HOOVER MAHLON & MARTHA,
LEE'S EGG FARM 2 LLC,jessica@sierraflowerfarm.com
JUNIORS DESIGN AND BUILD FIRM,
SAN DAMIANO FARM,info@atonementfriars.org
SUNNY MEADOWS GREENHOUSE,
ZUHOSKI FARMS,Farmszuhoskifarm@gmail.com
STONEY CREEK NURSERY,Cindy@stoneycreeknursery.com
TRIPLE P FARMS LLC,CustomerService@BataviaNews.com
SHAOLIN GALORE EXOTICS,
FINCH FARM,
DABS LANDSCAPING LLC,399-2404shop@kulaksnursery.com
MCENROE ORGANC FARM,b@r.hM
AUGUSTINE BROS CORP,info@AugustineNursery.com
ERWAY FARMS LLC,
DECKER PAMELA,
COCOEDGE INC,hicksinfo@hicksnurseries.com
SEED SONG FARM & CENTER,
MYSTIC FARM,
LAKESIDE SOD SPLY CO IN,turf@lakesidesod.com
GRANDPAS NURSERY & GARDEN INC,
DALESSANDROS NURSERY & LANDSCAPING,
CLAIRES GARDEN CENTER,
PIKES GREENHOUSE,
SIBIGA NURSERY FARM,
PATRIOT GARDENS,
MARIANNE ZIMMERMAN,chris@sunsparklersedums.com
MARCOS DIEGO FLOWERS,
GRASSE RIVER HEMP,info@slcchamber.org
GARDEN OF EVE LLC,
L & M GREENHOUSES,
HOLLOW CREEK FARMS INC,
WOODCHUCK MEADOWS NURSERY & GREENHOUSE,
HILLTOP GREENHOUSE,hello@hilltopgreenhousea2.com
BEDS & BORDERS INC,
HILLCREST GARDENS,
COPIA MARKETS CORPORATION,
WALSH MIKE & SONS GREENHOUSES INC,
DEBUCKS SOD FARM OF NY,debucksod@gmail.com
JOHNSTONE FLORIST,
LINDA J HAHN,
MOUNTAIN VIEW GARDENS,
DECORATIVE GARDENS INCORPORATED,
LORIS LNDSCP&PERENNIAL,
SEGUIN FAMILY FARM,jim@adirondackexplorer.org
CURDIES CREATIONS,news@pressrepublican.com
D&J BRAWDY FARMS INC,
STARR NURSERY LLC,greg@starr-nursery.com
A J TEETER FARM,AJTeeterFarm@msn.com ajteeterfarm@msn.com
BRIARCLIFF SOD INC,
HIDDEN VIEW GREENHOUSE,
JOES PLANT SHACK,srl@spruceridgelandscape.com madison@cornell.edu
HORST FARM MARKET,seneca@cornell.edu
DAVIS STELLA,
MILL POND EVGRN NUR,
DOUBLE A VINEYARDS INC,
MARKRISTO FARM,
WORTH EVERY PENNY LLC,info@bqlt.org
SUNNY GARDEN GREENHOUSES,
T J MART INC,
DEFISHER GREENHOUSES,
DOUG-MAR FARMS,nrcrep@nrc.gov FR0054@ustr.gov oha@sba.gov TSCA-Hotline@epa.gov mcondray@lsc.gov elsa.deleon@usda.gov rdyson@fs.fed.us dfars@acq.osd.mil juli.trtanj@noaa.gov Wayne_Eddins@hud.gov dmotsiopoulos@cms.hhs.gov Karen_F._Lee@omb.eop.gov thomas.dean@ferc.gov quinto.rose@epa.gov environment@mms.gov shart@acdl.com clee@hrsa.gov rescatell@fs.fed.us acresnan@serv.net SomersK@cder.fda.gov ferconlinesupport@ferc.gov Sheila.Carey@ed.gov pmpl@alaska.net prem.srivastava@science.doe.gov driscoll.barbara@epa.gov vince.yearick@ferc.gov OCIO_RIMG@ed.gov pandor.hadjy@usda.gov pdr@nrc.gov SIZESTANDARDS@sba.gov tlinkowich@cms.hhs.gov FERCOnlineSupport@ferc.gov kirk.baker@faa.gov jpaulson@mnpower.com FR0053@ustr.gov tobin.paul@epa.gov sharon_gross@fws.gov OpportunityinAthletics@ed.gov Janet.M.Hart@usda.gov mjm3@nrc.gov irma.dupree@noaa.gov diane.murray@ferc.gov sharon.betson@science.doe.gov Patricia.Selvaggi@ny.frb.org HelpDesk@e-center.doe.gov irma.duPree@noaa.gov Kay.Peterson@aphis.usda.gov nprm@atfhq.treas.gov Paperwork@hcfa.gov
MAJOR BLOSSOM FARM LLC,
COASTAL GREENHOUSES LLC,srl@spruceridgelandscape.com madison@cornell.edu
CHAMPLAIN PEONY COMPANY,orders@champlainpeonycompany.com
HOMEGROWN NURSERIES AND FARM LLC,lyndhurst@savingplaces.org
DEADHEAD FARMS,deadheadfarmsny@gmail.com
SANDY'S GARDEN CENTER,Info@daytonflowerandgarden.com info@daytonflowerandgarden.com
ARTHUR'S GREENHOUSE,essex@cornell.edu
BUTTERFLY EFFECT,
PLEASANT VALLEY FLOWERS,Flowerspvflowers146@gmail.com
SUNRISE FARM,talltreefloraldesigns@gmail.com
JUNIPER HILL FARM,juniperhillfarm@gmail.com
WILLIAMS FRUIT FARM,ask-me@agi.alabama.gov
PRIANTI FARMS INC,
ROBINSON GARDENS,
BLAKE TOM VEHICLE,info@urbanroots.org
PETALS N POTS GRNHOUSES,associate-camela-sevilla@archive.org
DAVES VEGGIES & GREENHOUSES,
GUIGNARDS GREENHOUSES,info@millersmeatmarketny.com
POTT'D,
STONEY LONESOME FARM LLC,seneca@cornell.edu
ROEMER FARMS LLC,
LANSINGS FARM,
ROCKCREST GARDENS INC,
NATURAL LANDWORKS,
MONROE DEPT OF PARKS,markquinn@monroecounty.gov
CHICKADEE VALLEY FARM LLC,chickadee7@frontiernet.net
BALET FLOWERS & DESIGN LLC,
ADS LANDSCAPES INC,info@gardencenter.net
VERONICAS GARDENS,
KNOWN SOURCE LLC,
MERCANTILE GREENHOUSE,
NNY WINDY ACRES NURSERY INC,
LAKESIDE SOD SPLY CO IN,
PANEKS PICKIN PATCH,
ROSE HILL HOUSE FARMS,rosehillnursery@aol.com
SUMMERTIME BLOOMS,ocs1583@aol.com
TWIN PINE GREENHOUSE,info@orleanscountytourism.com
CENTURION FARM LLC,web-accessibility@cornell.edu
JAY W GUILD WHOLESALE GROWER,
WEINHEIMER FARMS,
OUTLANDERS,
JENKINS & LUEKEN ORCHARDS,
DEHNS FLOWERS INC,
ADIRONDACK NATURALS,
RAYMOND Z NOLT,claims@lavocatsnursery.com info@lavocatsnursery.com
PRISTINE ACRES,
PERFECTLY BLENDED FARM,
THE NATURAL WAY ORGANIC LANDSCAPING INC,
ELI B MARTIN,
BUCKLEYS FLOWER SHOP IN,
SUNFROST FARMS INC,matt@sunfrostfarms.com
SCHICHTELS NURSERY INC,14141info@schichtels.com
PARDIS PLANTS DBA FOLIAGE GARDEN,
CREEK SIDE GREENHOUSE,
MICHALEEN'S FLORIST & GREENHOUSE,
BONSAI BOY,
ORLOPS GREENHOUSE,
INTERNATIONAL BONSAI ARBORETUM,
ALMOSTA FARM,info@thefarmgv.com
CHERRY VALLEY GRHSE,
GOODNESS GARDENS INC,
BAXTERS TREE FARM LLC,Griebelbaxtree@frontiernet.net
"MISS PERRY FARMS, LLC",
DELALIO SOD FARMS LLC,
E LOPEZ NURSERY,trimbles@optonline.net
LINCOLN PARK NURSERY LLC,
CORALS CORNER AND CONES,
PLANTS UNLIMITED LLC,594-7754info@plants-unlimited.com
WIEMER HERMANN J-VNYARD,
SUNRISE FIELDS FARM,Usflowerhillfarmny@gmail.com
PRESTONS GARDEN CENTER INC,
MATRAZZO FLORIST INC,dsalvadorefh@msn.com
WAYSIDE GARDEN CENTER,
BROOKSIDE NURSERY,claims@lavocatsnursery.com info@lavocatsnursery.com
HOMESPUN TREASURES,
ANDERSONS PRODUCE,
RIVERMEDE FARM,
WARRENS NURSERY INC - GROW,
M&M PRODUCE,
NATURAL LANDWORKS,
VELESKO JERRY W,
"INVINCIBLE SUMMER FARMS, LLC",steph@invinciblesummerfarms.com
SCARBOROUGH FIELDS & FLOWERS,sales@scarboroughfields.com
CONSUMER SALES INC,
NORWICH MEADOWS FRM LLC,info@leepub.com
ALLENWAY ACRES,
HANNEN MICHAEL,
HARGRAVE FARMS,genwayland@aol.com
PINESBRIDGE NURSERY,
BLOOMS BY BOGNER,
SCHLECHT NURSERY INC,Robert@SchlechtNursery.com Donna@SchlechtNursery.com
PHILLIP HAYES,
BRADY CO-DISTINCT LANDSCAPE INC,
MICHAEL & SONS NURSERIES INC,
GARDEN BARN THE,info@gardenbarn.com
MAPLEHORST FARM NURSERY INC,
MOCKINGBIRD BELL LLC,
HOEFFNER FARMS,
RESTORATION FARM,
GULLOS GARDEN CENTER LLC,
FANTASTIC GARDENS OF LI INC.,
ELHANNON NURSERY INC,
SISTER ROOTS TREE FARM,
VANDERZALM JOHN,
SMITTY'S NURSERY AND LANDSCAPE INC,colleen@smittyscapes.com
DELANEY FARMS,
HIGHWINDS FARM,campbellnursery@bellsouth.net
MATHIS MERCANTILE,
HOLLOW WINDS FARM,
GARDEN TIME INC,
MAINTENANCE MAN LANDSCAPING INC,
THE VIOLET BARN,
FISH FRM MKT&GREENHOUSE,
TROYERS,
MAPLE RIDGE CENTER,
RADLIFF HOLLOW FARM,
ONE NATURE LLC,12508info@onenaturellc.com
SCHOHARIE VALLEY FARMS LLC,
MARCUS & LORRAINE ZIMMERMAN,
M. MEGLIO FARMS LLC,
ETCETERA FARM LLC,info@thefarmgv.com
MAIURANOS FLOWERS,
RIVER RUN TREE FARMS,
LUCULE LLC DBA BEAR CREEK FARM,info@bearcreekfarm.com
BEYOND YOUR GARDEN CORP,info@beyondyourgarden.com info@BeyondYourGarden.com
MARCUS & LORRAINE ZIMMERMAN,
PEDRICKS GLASS GARDENS INC,scotts@scottsnursery.nb.ca
JON-LIN FARM,
EARSING GREENHOUSE LLC,
JUDYS FRUITS VEG FLWRS,
GABRIELSEN FARMS LLC,
HOMEGROWN DESIGNS LTD,
SUNNYVILLE FARMS,contactus@sunnyvf.com
RAY SMITH & ASSOCIATES,
HECTOR HOT PEPPERS,contact@hectorhotpeppers.com
GREENBELT NATIVE PLANT CENTER PROPOGATION NURSERY,
BUTTERNUT RIDGE FARM,
HANIYA RAE,
ORION NURSERY,
VAN COTT J NURSERIES,
RUFF ACRES ROADSIDE MARKET,dacf@maine.gov
MEL NICOTRA INC,
PINE VALLEY FARMS,
FUNKES FLOWERS,
EVERLASTING SPRING GARDEN CENTER LLC,
LAKEVIEW GARDENS,
SCHERER STEPHEN,
VALS COUNTRY CREATIONS,
LASTING DREAMS ENTERPRISES,LastingDreamsEnterprises@verizon.net 648-4920LastingDreamsEnterprises@verizon.net
QUERNER FAMILY FARM LLC,
EAST BRANCH ORGANICS,
CRITTER HAVEN FARM,ask-me@agi.alabama.gov
