Homestead Growers,http://Homesteadgrowers.Net,
Hubbs Greenhouse,http://Hubbsgreenhouse.Com,
Ideal Turf Inc,http://Idealturf.Com,info@idealturf.com
Johnson's Floral & Greenhouses,http://Johnsonsfloral.Com,johnsonsfloral@mtco.com
K & R Landscaping Inc,http://Krlandscapinginc.Com,office@krlandscapinginc.com office@krlandscapinginc.com
K & T Greenhouses,http://Ktgreenhouse.Com,ktgreenhouse@yahoo.com
Kahl's Greenhouse,http://Kahlsgreenhouse.Com,
Kelch Turf & Landscaping,http://Kelchturf.Com,
Knoles Gardens & Greenhouses,http://Ww25.Knolescarter.Com,
Koreman Landscape,http://Koremanlandscape.Net,
LA Bella Fiori,http://Lbfstaunton.Weebly.Com,
Larsen Florist,http://Larsenflorist.Com,
Leider Greenhouses,http://Leider.Us,60089847-634-4090gardencenter@leider.us 309-221-1739davidhennenfent@yahoo.com
Leider Horticulture,http://Leider.Us,60089847-634-4090gardencenter@leider.us 309-221-1739davidhennenfent@yahoo.com
Lincoln Park Conservatory,http://Lincolnparkconservancy.Org,
Little City's Greenhouse,http://Littlecity.Org,
Locker's Flowers,http://Flowerthem.Com,
Mannhard Hardware Inc,http://Mannhard-Hardware.Business.Site,
Maple City Florist & Gdn Ctr,http://Maplecityflorist.Com,
Martenson Turf Products Inc,http://Mtp78.Com,
Mccoy Construction & Forestry,http://Erbturf.Com,
Mcnitt Growers,http://Mcnittgrowers.Com,info@mcnittgrowers.com
Merlin's Greenhouse & Flowers,http://Merlinsgreenhouseandflowers.Com,
Midwest Sport & Turf Systs LLC,http://Midwestsportandturf.Com,
Mini Earth Greenhouses,http://Miniearthgreenhouse.Com,
Murphy's Gardens,http://Murphysgardensgalena.Com,
Nature's Turf Inc,http://Naturesturfinc.Com,
Nokomis Gift & Garden Shop,http://Nokomisgiftandgarden.Com,
Orchids By Hausermann Inc,http://Orchidsbyhausermann.Com,info@orchidsbyhausermann.com
Outdoor Turf Professionals,http://Outdoorturfprofessionals.Com,odturfpro@yahoo.com
Palmyra Greenhouse,http://Palmyragreenhouse.Com,
Perfect Turf,http://Perfectturf.Com,
Perricone Garden Ctr & Nursery,http://Perriconegardencenter.Com,info@perriconegardencenter.com info@perriconegardencenter.com
Pesche's,http://Pesches.Com,info@pesches.com
Peters Green House,http://Petersgreenhouse.Com,
Picket Fence,http://Stores.Hallmark.Com,
Plue's Tree Svc LLC,http://Pluestreeservice.Com,pluestreeservice@hotmail.com
Prairieland FS Inc,http://Prairielandfs.Com,
Prime Turf Inc,http://Primeturf.Com,
Proscape Landscaping LLC,http://Proscapeyourlawn.Com,
Quaker Lane Inc,http://Qleonline.Com,info@qleseed.com
Redbud Creek Farm,http://Redbudcreekfarm.Com,815-496-9400rcf4351@sbcglobal.net
Richardson Brothers Greenhouse,http://Richardsonbrosgreenhouse.Com,
Rick's Landscaping & Lawn Care,http://Rickslandscaping.Com,
Rolling Green Turf Care,http://Rollinggreenturfcare.Com,info@RollingGreenTurfCare.com
Ropps Flower Factory Inc,http://Ropps.Com,
Rug Zoom Synthetic Grass,http://Rugzoom.Com,rugzoom@gmail.com
Ryan Rich Turf Management,http://Ryanrichturf.Com,rprich25@yahoo.com
Schaefer Greenhouses Inc,http://Schaefergreenhouses.Com,
Seaney Farms,http://Seaneyfarms.Com,
Seatonville Greenhouse,http://Seatonville-Greenhouses.Myshopify.Com,
Selmi's,http://Selmi.Com,
Sexton's Landscape Concepts,http://Sextonslandscapeconcepts.Com,
Shamrock Garden Of Winfield,http://Shamrockgardenflorist.Com,
Shamrock Turf,http://Shamrockturf.Com,
Simions Greenhouse,http://Si-Greenhouse.Com,
Smits Farms,http://Smitsfarms.Com,smitsfarms@hotmail.com
Spoon River Landscape,http://Spoonriverlandscape.Com,
Storybook Gardens,http://Storybookgardens.Club,
Sun & Shade Garden Ctr,http://Sunandshadegc.Com,
Sunnyfield Greenhouse,http://Sunnyfield.Com,
Sunnyside Landscaping & Tree,http://Sunnysidelandscapinginc.Com,
Ted's Greenhouse,http://Tedsgreenhouse.Com,
Turf Care Enterprises Inc,http://Turfcareonline.Com,
Turf Design Inc,http://Turf.Design,60136hello@turf.design844.TURF.OMG
Turf Doctors,http://Tdi.Services,
Turf Guys Inc,http://Turfguysinc.Com,
Turf Solutions Group,http://Turfsolutionsgroup.Com,
Turf Team Inc,http://Mcagplus.Com,
United Central Orchids Inc,http://Ezorchids.Net,sales@ucorchids.com
Urhausen Greenhouses,http://Urhausengreenhouses1.Com,
V & J Landscaping & Power Eqpt,http://Vandjlandscape.Com,
Valley Perennials Florist,http://Valleyperennials.Com,
Walter's Flowers & Greenhouse,http://Waltersflowerscanton.Com,
Washington Greenhouse LLC,http://Washingtongreenhouse.Com,
We Grow Dreams Inc,http://Wegrowdreams.Org,
Woldhuis Farm Sunrise Grnhs,http://Woldhuisfarms.Com,
Woodbridge Sod Farms Inc,http://Paynesodfarm.Com,
Advanced Turf Solutions,http://Advancedturf.Com,
Advanced Turf Solutions,http://Advancedturf.Com,
Advanced Turf Solutions,http://Advancedturf.Com,
All Pro Turf,http://Apturf.Com,
Alsip Home & Nursery,http://Alsipnursery.Com,
Ameri-Turf,http://Ameriturfsod.Com,
Apple House Home & Garden Ctr,http://Theapplehouse.Com,
Attica Floral Co,http://Atticafloral.Com,
Automatic Supply,http://Automaticirrigation.Net,
Backroad Greenhouse,http://Backroadgreenhouse.Com,
Baker's Acres Floral-Grnhs,http://Ftdflorists.Com,
Becker's Florist & Greenhouse,http://Beckersflorist.Com,
Bennett's Greenhouse,http://Bennettsgreenhouse.Com,
Bernacchi's Oak Vly Greenhouse,http://Bernacchisoakvalleyshop.Com,
Blooming Acres,http://Bloomingacresgreenhouses.Com,blooming_acres@yahoo.com
Bonnie Plant Farm,http://Bonnieplants.Com,inquiriesmedia@bonnieplants.com
Bowman's Pro Turf Co,http://Bowmansproturf.Com,lawn@bowmansproturf.com
Brawner Greenhouse,http://Brawnersgreenhouse.Com,
Brownstown Greenhouse & Gifts,http://Theflowercart.Me,
Clark's Flower Shop & Gdn Ctr,http://Clarks1.Com,rich@clarks1.com
Corteva Agriscience,http://Corteva.Com,
Country View Greenhouse,http://Countryviewgreenhouse.Com,
County Line Flowers-Greenhouse,http://Countylineflowers.Homestead.Com,
Cox's Plant Farm,http://Coxsplantfarm.Com,
Crossroads Greenhouse,http://Ssidelandfill.Com,
Essex Greenhouse Inc,http://Essexgreenhouse.Com,sales@essexgreenhouse.com
Family Roots Nursery,http://Familyrootsnursery.Net,
Gary Greenhouse Inc,http://Garygreenhouse.Com,
Gatewood Vegetable Farms,http://Gatewoodvegetablefarm.Com,
Grannys,http://Grannysmarkettoto.Com,grannysmarkettoto@centurylink.net.If
Grant Line Nursery & Gdn Ctr,http://Grantlinegarden.Com,
Grassmasters Sod Farm,http://Gmsod.Com,
Green River Greenhouse LLC,http://Greenrivergreenhouse.Wordpress.Com,
Greenhouse & Assoc,http://Greenhousementalhealth.Com,
Halter's Greenhouse,http://Haltersgreenhouse.Com,
Harriman Farms,http://Harrimanfarms.Com,contact@harrimanfarms.com
Hasting Plants,http://Hastingplants.Com,nancy@hastingplants.com
Heldenreich Greenhouse G,http://Heidenreich-Greenhouses.Business.Site,
Hoods Gardens,http://Hoodsgardens.Com,
Hoosier Turf LLC,http://Hoosierturf.Net,
Isch Seeds,http://Ischseeds.Com,
Jenkins Family Greenhouses,http://Jenkinsfamilygreenhouses.Com,
Jones Greenhouse,http://Jonesgreenhouse.Com,
Kingsbury Acres Greenhouse,http://Bloomsgreenhouse.Com,
Kitaro Surf & Turf & Sushi,http://Kitarosurfandturf.Com,
Kroeger Greenhouse & Water,http://Kroeger-Greenhouse-Gardens-Inc.Business.,
Krueger-Maddux Greenhouses,http://Kruegermaddux.Com,
Liggett's Greenhouse-Florists,http://Liggettsgreenhouses.Com,
Lindsey's Greenhouse-Gourmet,http://Lindseys-Greenhouse-And-Gourmet-Eats.Bus,
Lundy's Greenhouses Inc,http://Lundys-Greenhouses-Inc.Business.Site,
Mays Greenhouse LLC,http://Maysgreenhouse.Net,
Mccabe's Greenhouse & Floral,http://Mccabesgreenhouseandfloral.Com,
Mccoy's Nursery,http://Mccoysnursery.Com,mccoynursery@gmail.com
Michaels Farmers Mkt-Grnhss,http://Michaelsmarketllc.Com,
Mid-America Orchid Congress,http://Midamericanorchids.Org,george.cinert@att.net
Nature Lane Greenhouse,http://Visitshipshewana.Org,
Neaman Floral-1319 Sr 262,http://Neamanfloral.Com,
New Vision Orchids,http://Newvisionorchids.Com,
Northern Tropics Greenhouse,http://Northerntropics.Com,
Northside Greenhouse,http://Northsidegreenhouse.Com,
Orchid Esthetics,http://Orchidestheticsbtown.Com,alexis@orchidestheticsbtown.com
Perennials Galore,http://Apggreenhouse.Com,info@yourwebsite.com
Reed's Nursery,http://Reedsnursery.Com,
Reeves Greenhouse,http://Reevesgreenhouseandfarmmarket.Com,
Robins Nest Green House,http://Robinsnestflowers.Com,
Rochester Greenhouses,http://Rochestergreenhouse.Com,
RZ Sports Turf,http://Rzsportsturf.Com,
Schaefer's Indiana Turf Corp,http://Indianaturf.Com,
Seymour Greenhouse,http://Seymourgreenhouses.Com,
Slusser's Green Thumb Inc,http://Slussers.Com,info@slussers.com css@slussers.com mtb@slussers.com mes@slussers.com nts@slussers.com sjs@slussers.com jdw@slussers.com taw@slussers.com
Small & Small Seed Svc,http://Southernstates.Com,
Sue's Greenhouse & More LLC,http://Suesgreenhouseandmore.Com,
Sunnyside Greenhouses,http://Sunnysidegreenhouses.Blogspot.Com,46140317-326-3129sunnyside.greenhouses@sunnysidegreenhousesllc.com
