The Greenhouse Florist & Nursery: Oak Harbor Florist | Oak ...,https://www.thegreenhousefandn.com/,
"Contact us : Oak Harbor, WA Florist",https://www.thegreenhousefandn.com/page/contact-us,
Greenhouse | Auburn Pointe Greenhouse and Flowers ...,https://www.auburnpointegreenhouse.com/,
"Flowers and Shrubs in Gainesville, FL. | The Green House ...",https://www.tghnfl.com/new-page-10,['472-3699info@tghnfl.com']
Edwards Greenhouse & Flowershop,https://www.edwardsgreenhouse.com/,
Leider Greenhouses and Garden Center,https://www.leider.us/,"['davidhennenfent@yahoo.com', 'gardencenter@leider.us']"
"deMonye's Greenhouse, Inc. - Home and Garden Store ...",https://demonyes.net/,
"The Differences Between Greenhouse, Nursery, & ...",https://www.bathgardencenter.com/post/what-is-the-difference-between-a-greenhouse-nursery-and-garden-center,
"Tarheel Nursery - Greenhouse & Garden Center Angier, NC",https://tarheelnursery.com/,
New Baby Flowers - Medfield,https://www.lovellsflorist.com/new_baby.php,
"Lovell's Florist, Greenhouse & Nursery: Medfield Florist ...",https://www.lovellsflorist.com/,
Christianson's Nursery & Greenhouse on Best Road,https://www.christiansonsnursery.com/,
Corso's Flower & Garden Center: Florist Garden Center Nursery,https://www.corsos.com/,
Metrolina Greenhouses: Home page,https://www.metrolinagreenhouses.com/,
"The Daily — Greenhouse, sod and nursery industries, 2021",https://www150.statcan.gc.ca/n1/daily-quotidien/220426/dq220426e-eng.htm,"['infostats@statcan.gc.ca', 'statcan.mediahotline-ligneinfomedias.statcan@statcan.gc.ca']"
Treehouse Nursery opens new greenhouse in Rexburg,https://www.floraldaily.com/article/9112205/us-id-treehouse-nursery-opens-new-greenhouse-in-rexburg/,
"The Differences Between Greenhouse, Nursery, & ...",https://www.bathgardencenter.com/post/what-is-the-difference-between-a-greenhouse-nursery-and-garden-center,
The Flower Bin: HOME,https://www.theflowerbin.net/,
Christianson's Nursery & Greenhouse on Best Road,https://www.christiansonsnursery.com/,
Nursery | Mt. Garfield Greenhouse & Nursery | United States,https://www.mtgarfieldgreenhouse.com/,
Lynde Greenhouse & Nursery,https://www.lyndegreenhouse.com/,"['info@lyndegreenhouse.com', 'seth@lyndegreenhouse.com']"
Landscape Design & Installation | Pike Nurseries,https://www.pikenursery.com/,
Stanley's Greenhouse,http://www.stanleysgreenhouse.com/,['info@stanleysgreenhouse.com']
Caan Floral & Greenhouses: Home,https://www.caanfloral.com/,
"Goldner Walsh Garden & Home - Florist, Greenhouses, and ...",https://goldnerwalsh.com/,
"Sam Bridge Plants, Flowers, Trees, Shrubs, Perennials, Nursery",https://sambridge.com/,
Tonkadale Greenhouse | Minnetonka's ...,https://tonkadale.com/,['hello@tonkadale.com']
Lynde Greenhouse & Nursery,https://www.lyndegreenhouse.com/,"['info@lyndegreenhouse.com', 'seth@lyndegreenhouse.com']"
Corso's Flower & Garden Center: Florist Garden Center Nursery,https://www.corsos.com/,
Welcome to Bailey Nurseries | Growing What's Next,https://www.baileynurseries.com/,
"Goldner Walsh Garden & Home - Florist, Greenhouses, and ...",https://goldnerwalsh.com/,
Tonkadale Greenhouse | Minnetonka's ...,https://tonkadale.com/,['hello@tonkadale.com']
Happy Birthday Flowers Medfield MA,https://www.lovellsflorist.com/birthday.php,
Treehouse Nursery opens new greenhouse in Rexburg,https://www.floraldaily.com/article/9112205/us-id-treehouse-nursery-opens-new-greenhouse-in-rexburg/,
Home - Shadyhill GreenHouses - Shady Hill Greenhouses,https://shadyhillgreenhouses.com/,['info@shadyhillgreenhouses.com']
Lovell's Florist & Nursery: Home,https://lovellsfloristandnursery.com/,
"Northville, MI | Willow Greenhouse",https://www.willowgreenhouse.com/,
Stanley's Greenhouse,http://www.stanleysgreenhouse.com/,['info@stanleysgreenhouse.com']
Hionis Greenhouses & Garden Center NJ,https://www.hionisgreenhouses.com/,
Caan Floral & Greenhouses: Home,https://www.caanfloral.com/,
Home - Shadyhill GreenHouses - Shady Hill Greenhouses,https://shadyhillgreenhouses.com/,['info@shadyhillgreenhouses.com']
Greenhouse Hartman's Towne & Country Greenhouse ...,https://www.hartmansgreenhouse.com/,
Cliff Avenue Greenhouse and Garden Center,https://www.cliffavegreenhouse.com/,
Treehouse Nursery opens new greenhouse in Rexburg,https://www.floraldaily.com/article/9112205/us-id-treehouse-nursery-opens-new-greenhouse-in-rexburg/,
Pleasant Valley Greenhouse - Olean,https://www.pleasantvalleygreenhouse.com/,
Nursery | Mt. Garfield Greenhouse & Nursery | United States,https://www.mtgarfieldgreenhouse.com/,
"Northville, MI | Willow Greenhouse",https://www.willowgreenhouse.com/,
Young's Greenhouse - Paris,https://theyoungsgreenhouse.com/,['info@theYoungsGreenhouse.com']
NICOLE'S GREENHOUSE & FLORIST,https://www.nicolesgreenhouseandflorist.com/,
Van Attas :: Home,https://www.vanattas.com/,['Bookkeeping@vanattas.com']
Greenhouse | Auburn Pointe Greenhouse and Flowers ...,https://www.auburnpointegreenhouse.com/,
Baltic Greenhouse Nursery: About Us,https://grownwithsunshine.com/,
"Miller's Greenhouses & Flowers: Smithfield, PA Florist: | Local ...",https://millersgreenhouses.com/,
"Garden Center, Flowers, seeds, Cemetery Wreaths, Wild Bird ...",https://www.pesches.com/,['info@pesches.com']
Telly's Greenhouse & Garden Center - The Gardener's Paradise!,https://tellys.com/,
"K Drive Greenhouse: East Leroy, MI",https://kdrivegreenhouseco.com/,
Greenhouse Garden Center,https://greenhousegardencenter.com/,
"Certified organic herbs, nursery and greenhouse, by State",https://www.ers.usda.gov/webdocs/DataFiles/52407/Greenhouse.xls?v=41544,
Leider Greenhouses — Leider Greenhouses and Garden Center,https://www.leider.us/,"['davidhennenfent@yahoo.com', 'gardencenter@leider.us']"
"Greenhouse & Nursery - Warren, PA",https://www.ekeyflorist.com/greenhouse-nursery,
About Us – MayFlower Nursery | Pierce Nebraska Greenhouse,https://mayflowernursery.com/about-us/,
The Flower Bin: HOME,https://www.theflowerbin.net/,
Welcome To Donaldson's Greenhouse & Nursery ...,https://donaldsongreenhouse.com/,['info@donaldsongreenhouse.com']
About - Crystal Lake,https://www.countrysideflowershop.com/crystal-lake/about/,
"Spring Gardens Nursery - Pick Your Own Farm Shop, Cafe",https://springgardensnursery.uk/,"['orders@springgardens.uk', 'springgardenspyo@outlook.com']"
About the Plant Nursery - Southampton,https://www.mayfieldnurseries.org.uk/about-us/about-the-nursery/,['7743enquiries@mayfieldnurseries.org.uk']
"Home - Kettell's Greenhouse Plants, Falls, PA | Kettel's Green ...",https://kettellsgreenhouse.com/,['info@kettellsgreenhouse.com']
"The Greenhouse Florist and Nursery - Audrey Butler, ...",https://rotarynetworkingplus.com/listing/the-greenhouse-florist-and-nursery-audrey-butler.html,
Telly's Greenhouse & Garden Center - The Gardener's Paradise!,https://tellys.com/,
U.S. greenhouses and what they grow 2021,https://www.statista.com/statistics/1301951/products-grown-greenhouses-us/,
"Home Garden Center in Bucks County & Feasterville, PA ...",https://www.lecksgreenhouses.com/,['werleck4@juno.com']
Spring Meadow Nursery,https://springmeadownursery.com/,"['sandy@springmeadownursery.com', 'Aleck@springmeadownursery.com', 'brad@springmeadownursery.com', 'laura@springmeadownursery.com', 'RyanD@springmeadownursery.com', 'monica@springmeadownursery.com', 'ShannonB@springmeadownursery.com', 'jamie@springmeadownursery.com', 'niki@springmeadownursery.com', 'woody@springmeadownursery.com', 'terri@springmeadownursery.com']"
Sprague's Nursery & Garden Center | Plant Nursery | Bangor ...,https://www.spraguesnursery.com/,
"Gulley Greenhouse and Garden Center | Fort Collins, CO",https://www.gulleygreenhouse.com/,
Lucas Nursery and Landscaping: Home Shop,https://www.lucasnlc.com/,['contact@lucasnlc.com']
White Flower Farm,https://www.whiteflowerfarm.com/,
Van Belle Nursery,https://vanbelle.com/,
Home - Westbrook Greenhouses Limited,https://www.westbrookgreenhouses.com/,['info@westbrookgreenhouses.com']
Corso's Flower & Garden Center: Florist Garden Center Nursery,https://www.corsos.com/,
"Greenhouse, Nursery, And Flowers Global Market Report ...",https://www.reportlinker.com/p06282189/Greenhouse-Nursery-And-Flowers-Global-Market-Report.html,
Curries Greenhouse Fredericton | Currie's Greenhouses | New ...,https://www.curriesgreenhouses.com/,
"Vaandrager Nurseries, Abbotsford, BC",https://www.vaandragernurseries.com/,
"Wholesale Plant Containers, Planters, Plant Pots | Bulk Flower ...",https://hc-companies.com/,
Glenlea Greenhouses: Winnipeg Plant Fundraising,https://www.glenleagreenhouses.com/,
Mississauga Greenhouses Ltd.,https://mississaugagreenhouses.com/,
"Tarheel Nursery - Greenhouse & Garden Center Angier, NC",https://tarheelnursery.com/,
T&O: Nursery + Greenhouse,https://www.corteva.us/products-and-solutions/turf-and-ornamental/ornamentals.html,
About us - The Greenhouse,https://www.thegreenhousepnw.com/pages/about-us,['hello@thegreenhousepnw.com']
"Pleasant Valley Greenhouse & Nursery Inc., Olean New York ...",https://www.pleasantvalleygreenhouse.com/,
Edwards Greenhouse & Flowershop,https://www.edwardsgreenhouse.com/,
Milgro Nursery,https://www.milgro.com/,['info@milgro.com']
Haase's Greenhouse | Spokane,https://www.haasesgreenhouse.com/,['haasesgreenhouse@hotmail.com']
Flowers | Hessell's Greenhouse | Shelby Township,https://www.hessellsgreenhouse.com/,
"Greenhouse Fort Collins, CO - Plantorium Greenhouse and ...",https://plantorium.com/,['info@5p5.017.myftpupload.com']
Skillins Greenhouses,https://skillins.com/,['info@skillins.com']
Family Roots Nursery,https://familyrootsnursery.net/,
Danziger: Ornamental Flower Breeder & Young Plant Producer,https://www.danzigeronline.com/,
Baltic Greenhouse Nursery: About Us,https://grownwithsunshine.com/,
Koetsier's Greenhouse - Home - Koetsier's Greenhouse,https://koetsiers.com/,"['melinda@koetsiers.com', 'info@koetsiers.com']"
"Gulley Greenhouse and Garden Center | Fort Collins, CO",https://www.gulleygreenhouse.com/,
Country Junction Greenhouse & Gardens: Bee-Friendly Nursery,https://countryjunctionmaine.com/,
History Japanese American Nurseries,http://www.janurseries.com/history/,['shew@sonoma.edu']
Culver's Lawn and Landscape | Garden Center and Giftshop ...,https://www.culverslandscape.com/,['customercare@culverslandscape.com']
Greenhouse Nursery Management,https://www.us.envu.com/turf-and-ornamentals-management/production-ornamentals/portfolios-and-solutions/greenhouse-nursery-management,
"Home - Kettell's Greenhouse Plants, Falls, PA | Kettel's Green ...",https://kettellsgreenhouse.com/,['info@kettellsgreenhouse.com']
About Us Mammoth Cave Transplants Greenhouse Kentucky,https://www.mammothcavetransplants.net/about-us,['jandave439@windstream.net']
Nursery | Greenhouse | Florist with daily flower delivery ...,https://www.abbysnursery.com/,
About us - The Greenhouse,https://www.thegreenhousepnw.com/pages/about-us,['hello@thegreenhousepnw.com']
"Lehigh Valley Home and Garden | Allentown, PA",https://www.lvhgc.com/,
Nursery Floral Licensing Program,https://www.texasagriculture.gov/Regulatory-Programs/Plant-Quality/Nursery-Floral,
"Plants R Us Greenhouse & Garden Center - Cuba, MO",https://www.angi.com/companylist/us/mo/cuba/plants-r-us-greenhouse-and-garden-center-reviews-3698390.htm,
Countryside Greenhouse: Home,https://www.countrysidegreenhouse.com/,['contact@countrysidegreenhouse.com']
Bell's Nursery and Gifts,https://bellsnurseryalaska.com/,
Koetsier's Greenhouse - Home - Koetsier's Greenhouse,https://koetsiers.com/,"['melinda@koetsiers.com', 'info@koetsiers.com']"
Foertmeyer & Sons Greenhouse,https://foertmeyerandsons.com/,
Baeten's Nursery & Greenhouse -,https://baetensnursery.com/,['baetensnursery@fuse.net']
US SIC Code 0181 Ornamental Floriculture and Nursery ...,https://www.ibisworld.com/classifications/us-sic/0181/ornamental-floriculture-and-nursery-products/,
Birch Creek Greenhouse And Florals,https://birchcreekgreenhouse.com/,
"Blue Grass Nursery, Sod & Garden Centres - All For ...",https://bluegrassnursery.com/,
"Garden Center, Flowers, seeds, Cemetery Wreaths, Wild Bird ...",https://www.pesches.com/,['info@pesches.com']
Les Serres Bourgeon Greenhouses – producteur local,https://lesserresbourgeon.ca/en/,['info@lesserresbourgeon.ca']
"Greenhouse, Florist, and Nursery Tests - Soil Testing Laboratory",https://soiltest.cfans.umn.edu/testing-services/greenhouse-media,
St. Williams Nursery & Ecology Centre | Conserving biodiversity,https://stwilliamsnursery.com/,
Sunshine & Chinos | Greenhouse & Bistro Restaurant ...,https://www.sunshinegreenhouse.ca/,['10pmchinosbistro@gmail.com']
Caan Floral & Greenhouses: Home,https://www.caanfloral.com/,
Longfellow's Greenhouses - Longfellow's Greenhouses,https://longfellowsgreenhouses.com/,
"Greenhouse Fort Collins, CO - Plantorium Greenhouse and ...",https://plantorium.com/,['info@5p5.017.myftpupload.com']
"Michael Brothers Nursery - Greenhouse and Nursery, Plants",https://michaelbrothersnursery.com/,['michaelbrosnursery@consolidated.net']
52 United States 2017 Census of Agriculture,"https://www.nass.usda.gov/Publications/AgCensus/2017/Full_Report/Volume_1,_Chapter_1_US/st99_1_0039_0039.pdf",
Home - Elburn,https://www.countrysideflowershop.com/elburn/,
Baldwin Greenhouse | Local Garden Center | Baldwin ...,https://baldwingreenhouse-nursery.com/,
"Holub Greenhouses, Inc: Gardening Supplies Ames, IA | Home",https://www.holubgreenhouses.com/,
T&O: Nursery + Greenhouse,https://www.corteva.us/products-and-solutions/turf-and-ornamental/ornamentals.html,
"H & B Greenhouse & Nursery - Garden Center, Plants",https://hbgreenhouse.com/,
Plant Certification Forms,https://www.tn.gov/agriculture/businesses/plants/forms.html,['anni.self@TN.gov']
Nursery Certification and Plant Regulation,https://www.mda.state.mn.us/plants-insects/nursery-certification-plant-regulation,['nurseryprogram@state.mn.us']
"Aurora Flowers, Montgomery Florist Near Me, Flowershop ...",https://www.schaefergreenhouses.com/,
Nursery | Greenhouse | Florist with daily flower delivery ...,https://www.abbysnursery.com/,
Country Flower Farms,https://www.countryflowerfarms.org/,
Urbans Greenhouse,http://urbansgreenhouse.com/,['mail@urbansgreenhouse.com']
harts-greenhouse: Home,https://www.hartsgreenhouseflorist.com/,
"Wentworth Greenhouses & Garden Center - Rollinsford, New ...",https://wentworthgreenhouses.com/,['info@wentworthgreenhouses.com']
"C & J Farms and Greenhouses - Garden Center, Plant Nursery",https://candjfarms.com/,
Pinehurst Floral & Greenhouse,http://www.pinehurstfloralandgreenhouse.com/,
Pan American Nursery Products Inc.,https://panamnursery.com/,
Bela Flor Nurseries - Home,http://www.belaflornurseries.com/,['884-2888info@belaflornurseries.com']
Country Flower Farms,https://www.countryflowerfarms.org/,
Meier Flowerland & Greenhouse -,https://meierflowerland.com/,
Superior flower power,https://www.greenhousemag.com/article/increasing-profits-superior-flower-power/,
"Wedel's | Nursery, Florist, & Garden Center Since 1946",https://www.wedels.com/,
"Pesche's Greenhouse, Floral and Gifts | Lake Geneva, WI",http://peschesgreenhouse.com/,
Canadian Greenhouse Conference: Home,https://www.canadiangreenhouseconference.com/,['info@canadiangreenhouseconference.com']
AJ Rahn Greenhouses | Celebrating 128 Years,https://ajrahn.com/,['greenhouses.ajrahn@gmail.com']
Meinke Garden Center: Flowers & Vegetables Plants Nursery ...,https://www.meinkegardencenter.com/,['info@meinkegardencenter.com']
Long Beach Nurseries | Basketcase Greenhouse ...,https://basketcasegreenhou.wixsite.com/bcnursery,
Summerhill Nursery and Floral,https://www.summerhillnursery.ca/,"['INFO@SUMMERHILLNURSERY.CA', 'info@summerhill.ca']"
Hickey's Greenhouses,https://hickeysgreenhouses.com/,
Harper's Garden Centre,https://harpersgardencentre.ca/,
Lohr-A-Lee Greenhouses,https://www.lohralee.com/,
Johnston's Greenhouse: Home,https://www.johnstonsgreenhouse.com/,
Brantim Country Garden Centre – Local Ottawa Greenhouse ...,https://brantimgardencentre.com/,['info@brantim.com']
"Worldwide Greenhouse, Nursery and Flowers Industry to ...",https://www.prnewswire.com/news-releases/worldwide-greenhouse-nursery-and-flowers-industry-to-2030---players-include-color-spot-nurseries-coasta-farms-and-altman-plants-among-others-301264326.html,
The Glasshouse Nursery,https://www.glasshousenursery.ca/,
"Floriculture, Nursery - Rural Migration News",https://migration.ucdavis.edu/rmn/more.php?id=1187,
Nesbitt's Greenhouse and Nursery reopens in time for ...,https://www.bulletinaylmer.com/nesbitt-s-greenhouse-and-nursery-reopens-in-time-for-flower-season,['pub@bulletinaylmer.com']
"Wentworth Greenhouses & Garden Center - Rollinsford, New ...",https://wentworthgreenhouses.com/,['info@wentworthgreenhouses.com']
"For all your Maine Gardening | Brunswick, Falmouth ...",https://skillins.com/,['info@skillins.com']
Locally Grown Plants Ashland Greenhouses,https://ashlandgreenhouses.com/,['grow@ashlandgreenhouses.com']
Griffin Greenhouse Supplies,https://www.griffins.com/,['orders@griffinmail.com']
Longfellow's Greenhouses - Longfellow's Greenhouses,https://longfellowsgreenhouses.com/,
Nursery Growers – Alabama Agriculture & Industries,https://agi.alabama.gov/plantprotection/nursery-growers/,['ask-me@agi.alabama.gov']
Loop's Nursery & Greenhouses,http://www.loopsnursery.com/,
Altman Plants Official Website | Living Treasures,https://altmanplants.com/,
Nunan Florist and Greenhouses – Order Flower Delivery ...,https://nunans.com/,['info@nunans.com']
"Floriculture, Nursery - Rural Migration News",https://migration.ucdavis.edu/rmn/more.php?id=1187,
Tagawa Greenhouse | Young Plants Supplier and Retail ...,https://www.tagawagreenhouse.com/,
Bela Flor Nurseries - Home,http://www.belaflornurseries.com/,['884-2888info@belaflornurseries.com']
NORTHEAST GREENHOUSE CONFERENCE & EXPO ...,https://www.negreenhouse.org/,"['info@delaneymeetingevent.com', 'muhammed.shahid@unh.edu.If', 'karen@delaneymeetingevent.com']"
Illinois Nursery Inspection Program,https://agr.illinois.gov/plants/nurseries.html,
"Wedel's | Nursery, Florist, & Garden Center Since 1946",https://www.wedels.com/,
Longfellow's Greenhouses - Longfellow's Greenhouses,https://longfellowsgreenhouses.com/,
"Lakeside Garden Center: Local Flower Nursery | Annandale, MN",https://lakesidegardenmn.com/,
Nursery,https://www.lakekountry.com/nursery-center-new-richmond-wi-trees-shrubs-flowers-new-richmond-wi/,['lakekountry@lakekountry.com']
Farmer John's Greenhouse,https://www.farmerjohnsgreenhouse.com/,
Plant nursery,https://en.wikipedia.org/wiki/Plant_nursery,
Green Acres Nursery & Supply,https://idiggreenacres.com/,
Costa Farms - Plants Sold Fresh from the Farm,https://costafarms.com/,
Molbak's,https://molbaks.com/,
Breck's Flower Bulbs - Wholesale Bulbs from Holland since ...,https://www.brecks.com/,['service@brecks.com']
"Greenhouse Megastore Greenhouses, Greenhouse Supplies ...",https://www.greenhousemegastore.com/,
Plant Nursery - Sydney's Trusted Online Garden Centre,https://www.flowerpower.com.au/,['orders@flowerpower.com.au']
Roger's Gardens - Orange County's Best Nursery,https://www.rogersgardens.com/,['shop@rogersgardens.com']
Petersham Nurseries - Organic Italian Restaurants & Lifestyle ...,https://petershamnurseries.com/,"['shopteam@petershamnurseries.com', 'res.richmond@petershamnurseries.com', 'info.coventgarden@petershamnurseries.com', 'info.richmond@petershamnurseries.com', 'res.coventgarden@petershamnurseries.com', 'greenteam@petershamnurseries.com']"
Untitled,https://jmydr.barjaeger.de/,
"Jackson & Perkins: Roses, Perennials, Gift Plants, and Garden ...",https://www.jacksonandperkins.com/,['info@jacksonandperkins.com']
Echter's Nursery & Garden Center,https://www.gardencentermag.com/article/the-top-100-no-29--echters-nursery--garden-center/,
"Nursery and Garden Center in MetroWest and Bedford, MA",https://www.newenglandnurseries.com/,['info@newenglandnurseries.com']
Vestal Nursery - Encyclopedia of Arkansas,https://encyclopediaofarkansas.net/entries/vestal-nursery-4370/,"['calsfoundation@cals.org', 'editor@cals.org']"
Chapter 12. California's nursery and floral industry,https://s.giannini.ucop.edu/uploads/pub/2021/01/21/chapter_12_nurseryfloral_2020.pdf,
Illinois Nursery Inspection Program,https://agr.illinois.gov/plants/nurseries.html,
Plant and See Nursery,http://www.plantandseenursery.com/,
Greenwald's Greenhouse,https://greenwaldsgreenhouse.com/,
Horning's Greenhouse,https://www.horninggreenhouse.com/,['536-3028jerehorning@hotmail.com']
Altman Plants Official Website | Living Treasures,https://altmanplants.com/,
"About Soukal Floral Co. & Greenhouses - Chicago, IL Florist",https://www.soukalfloral.com/about-us,['soukalfloral@hotmail.com']
Countryside Floral & Greenhouses,https://countrysidefloral.net/,
Horning's Greenhouse,https://www.horninggreenhouse.com/,['536-3028jerehorning@hotmail.com']
Michler's: Lexington KY Florist | Greenhouses | Garden Design ...,https://www.michlers.com/,['Flora@michlers.com']
Frankfort | Wilson Nurseries,https://www.wilsonnurseriesky.com/frankfort/,
Plants | Lakeside Greenhouses | United States,https://www.lakeside-greenhouses.com/,
Robin's Flower Pot - Garden Center & Nursery,https://www.robinsflowerpot.com/,
Danziger: Ornamental Flower Breeder & Young Plant Producer,https://www.danzigeronline.com/,
Mulhall's Nursery | Garden Center & Landscaping Services,https://mulhalls.com/,['info@mulhalls.com']
"Lakeside Garden Center: Local Flower Nursery | Annandale, MN",https://lakesidegardenmn.com/,
"Painters Greenhouse: A Plant Lover's Paradise in Old Fort, NC",https://www.paintersgreenhouse.com/,['28762info@paintersgreenhouse.com']
Soares Flower Garden Nursery | Making gardeners smile ...,https://soaresflowergardennursery.com/,['soaresfgn@gmail.com']
"Stewarts Garden Centres in Dorset and Hampshire, near ...",https://www.stewarts.co.uk/,
Chessington Garden Centre Surrey - Outdoor Living Specialists,https://www.chessingtongardencentre.co.uk/,
2021 Top 100 Ornamentals Growers,https://labelgatorbrand.com/2020-top-100-ornamentals-growers/,
Squire's Garden Centres | A Family Business Since 1936,https://www.squiresgardencentres.co.uk/,
"Highway Garden and Leisure, Norfolk's Premier Garden Centre",https://www.highwaygardencentre.co.uk/,
Costa Farms - Plants Sold Fresh from the Farm,https://costafarms.com/,
Plant Nursery - Sydney's Trusted Online Garden Centre,https://www.flowerpower.com.au/,['orders@flowerpower.com.au']
Tong Garden Centre | Bradford | There's so much more in store,https://www.tonggardencentre.co.uk/,"['hello@tonggardencentre.co.uk', 'GROTTO@YORKSHIREGARDENCENTRES.CO.UK']"
Burford Garden Co.,https://www.burford.co.uk/,
Gethsemane Garden Center – Chicago's Largest Year Round ...,https://www.gethsemanegardens.com/,['gethsemane.gardens@yahoo.com']
Green Acres Nursery & Supply,https://idiggreenacres.com/,
"Fruiting, rare & tropical plants for sale online at Logee's!",https://www.logees.com/,
Step By Step Greenhouse - Stepbystepfamily.org,https://www.stepbystepfamily.org/lovelandgreenhouse,"['896-0903ourfamily@stepbystepfamily.org', 'ourfamily@stepbystepfamily.org']"
Prairie Moon Nursery: Storefront,https://www.prairiemoon.com/,
Molbak's Garden and Home – Molbak's Garden and Home,https://molbaks.com/,
Armstrong Garden Centers: Landscape Design & Installation ...,https://www.armstronggarden.com/,
Roger's Gardens - Orange County's Best Nursery,https://www.rogersgardens.com/,['shop@rogersgardens.com']
"Gardener's Supply: Garden Tools, Planters, Raised Garden ...",https://www.gardeners.com/,
"David Austin Roses - Bare root roses, Container roses ...",https://www.davidaustinroses.com/,
Floret Flowers - We are a small family farm in Washington's ...,https://www.floretflowers.com/,
Home | Phipps Conservatory and Botanical Gardens ...,https://www.phipps.conservatory.org/,"['facilities@phipps.conservatory.org', 'ceo@phipps.conservatory.org', 'development@phipps.conservatory.org', 'edu@phipps.conservatory.org', 'hort@phipps.conservatory.org', 'visitorservices@phipps.conservatory.org', 'cfo@phipps.conservatory.org', 'scied@phipps.conservatory.org', 'eventsales@phipps.conservatory.org', 'cos@phipps.conservatory.org', 'market@phipps.conservatory.org', 'siteop@phipps.conservatory.org', 'research@phipps.conservatory.org', 'dei@phipps.conservatory.org']"
9 Online Nurseries You Can Trust (and 1 You Can't),https://www.prettypurpledoor.com/buying-plants-online/,
Breck's Flower Bulbs - Wholesale Bulbs from Holland since ...,https://www.brecks.com/,['service@brecks.com']
The Greenhouse Florist & Nursery,https://www.zoominfo.com/c/the-greenhouse-florist-nursery/355642627,
"Wholesale Nursery | Harry's Greenhouse, Inc. | Texas",https://www.harrysgreenhouse.com/,
About - City Floral Garden Center - Denver Colorado,https://cityfloralgreenhouse.com/about/,['info@cityfloralgreenhouse.com']
The Watering Can Flower Market | Merchants of Happiness,https://thewateringcan.ca/,
6 Great Garden Centers and Nurseries in Pittsburgh,https://www.discovertheburgh.com/pittsburgh-flower-nurseries/,
Kraynaks – Your Store for all Seasons,https://www.kraynaks.com/,['webstore@kraynaks.com']
The Watering Can Flower Market | Merchants of Happiness,https://thewateringcan.ca/,
6 Great Garden Centers and Nurseries in Pittsburgh,https://www.discovertheburgh.com/pittsburgh-flower-nurseries/,
Kraynaks – Your Store for all Seasons,https://www.kraynaks.com/,['webstore@kraynaks.com']
"Jackson & Perkins: Roses, Perennials, Gift Plants, and Garden ...",https://www.jacksonandperkins.com/,['info@jacksonandperkins.com']
Garden Center,https://www.homedepot.com/b/Outdoors-Garden-Center/N-5yc1vZbx6k,
Costa Farms - Plants Sold Fresh from the Farm,https://costafarms.com/,
Moon Valley Nurseries: Tree and Plant Nursery | Home,https://www.moonvalleynurseries.com/,
Eden Brothers: Flower Bulbs & Heirloom Seeds | Vegetables ...,https://www.edenbrothers.com/,['service@edenbrothers.com']
Ball Seed Company,https://www.ballseed.com/,
BFG Supply: Home,https://www.bfgsupply.com/,
1964 United States Census of Agriculture: State and county ...,https://books.google.ca/books?id=G6nuZkthWdQC&pg=PA22&lpg=PA22&dq=greenhouse+AND+flower+AND+US+AND+nursery&source=bl&ots=dWxFQ3Iq4J&sig=ACfU3U3_GjKf7eOz4g8LIGF3FIuqxbKRzA&hl=en&sa=X&ved=2ahUKEwj-3IqkuL-CAxWE1GEKHVBeCPA4hAIQ6AF6BAgKEAM,
U.S. Census of Agriculture: Counties. 54 pts,https://books.google.ca/books?id=TiIVAQAAMAAJ&pg=RA2-PA16&lpg=RA2-PA16&dq=greenhouse+AND+flower+AND+US+AND+nursery&source=bl&ots=YLu_37HnI0&sig=ACfU3U3Q7_snzGJU8TJ-_dKKGrZzndNYZg&hl=en&sa=X&ved=2ahUKEwj-3IqkuL-CAxWE1GEKHVBeCPA4hAIQ6AF6BAgIEAM,
United States Census of Agriculture: 1954: Counties and ...,https://books.google.ca/books?id=tG4IsxJJIxAC&pg=PA170&lpg=PA170&dq=greenhouse+AND+flower+AND+US+AND+nursery&source=bl&ots=N4GDpVMX7m&sig=ACfU3U05bBX0VPgC1rDEpQzWrM5Jm7QBIw&hl=en&sa=X&ved=2ahUKEwj-3IqkuL-CAxWE1GEKHVBeCPA4hAIQ6AF6BAgJEAM,
1964 United States Census of Agriculture: Preliminary ...,https://books.google.ca/books?id=JTVA0HiEiBkC&pg=PP10&lpg=PP10&dq=greenhouse+AND+flower+AND+US+AND+nursery&source=bl&ots=yjEszM1-Qv&sig=ACfU3U3bAQka8OYzj5y-NGUeGkT3WcSTXg&hl=en&sa=X&ved=2ahUKEwj-3IqkuL-CAxWE1GEKHVBeCPA4hAIQ6AF6BAgHEAM,
"BWI Companies Wholesale Distribution: Farm, Garden, Turf ...",https://www.bwicompanies.com/,
New England Botanic Garden at Tower Hill,https://nebg.org/,['info@nebg.org']
Franklin Park Conservatory and Botanical GardensFranklin ...,https://www.fpconservatory.org/,
Shop the Lowe's Garden Center for All Your ...,https://www.lowes.com/l/shop/garden-center,
From Small Nursery to Family Destination: The Evolution of ...,https://www.nshoremag.com/shop-renew/from-small-nursery-to-family-destination-the-evolution-of-nunans-florist-and-greenhouses/,
Chihuly Garden and Glass,https://www.chihulygardenandglass.com/,
"Simple & Grand: Seasonal Planters, Arrangements Delivered ...",https://simpleandgrand.com/,
US Nursery: Start with Genetically Advanced Hemp Clones for ...,https://www.usnursery.com/,
TERRA Greenhouses: Home,https://terragreenhouses.com/,
What is the Difference Between Greenhouse and Nursery,https://pediaa.com/what-is-the-difference-between-greenhouse-and-nursery/,
"Cottage Gardener, Country Gentleman's Companion and Poultry ...",https://books.google.co.uk/books?id=PnubEuChf5UC&pg=PA246&lpg=PA246&dq=greenhouse+AND+flower+AND+US+AND+nursery&source=bl&ots=r-bSW9JKbf&sig=ACfU3U0A7Tfa-Oe96k9ckvxVeAdPsIlcow&hl=en&sa=X&ved=2ahUKEwi5mLOouL-CAxUPV0EAHQ-_Abs4mAIQ6AF6BAgHEAM,
