"Contact us : Oak Harbor, WA Florist",https://www.thegreenhousefandn.com/page/contact-us
"About Us : Oak Harbor, WA Florist",https://www.thegreenhousefandn.com/page/aboutus
"About Dwyer Greens & Flowers | Nursery, Greenhouse ...",https://www.dwyergreens.com/us/
Leider Greenhouses — Leider Greenhouses and Garden Center,https://www.leider.us/
"Mitchells Nursery and Greenhouse: Flowers, Trees & Shrubs",https://mitchellsnursery.com/
"Greenhouse, Nursery, And Flowers Global Market Report ...",https://www.reportlinker.com/p06282189/Greenhouse-Nursery-And-Flowers-Global-Market-Report.html
Metrolina Greenhouses: Home page,https://www.metrolinagreenhouses.com/
The Greenhouse Florist & Nursery: Oak Harbor Florist | Oak ...,https://www.thegreenhousefandn.com/
"Contact us : Oak Harbor, WA Florist",https://www.thegreenhousefandn.com/page/contact-us
Leider Greenhouses and Garden Center,https://www.leider.us/
Nature Hills Nursery | America's Largest Online Plant Nursery,https://www.naturehills.com/
"About Dwyer Greens & Flowers | Nursery, Greenhouse ...",https://www.dwyergreens.com/us/
Bell Nursery: Home,https://bellnursery.com/
Metrolina Greenhouses: Home page,https://www.metrolinagreenhouses.com/
Bell Nursery: Home,https://bellnursery.com/
"deMonye's Greenhouse, Inc. - Home and Garden Store ...",https://demonyes.net/
"About Dwyer Greens & Flowers | Nursery, Greenhouse ...",https://www.dwyergreens.com/us/
"Miller's Greenhouses & Flowers: Smithfield, PA Florist: | Local ...",https://millersgreenhouses.com/
Lavocat's Family Greenhouse & Nursery: Home,http://www.lavocatsnursery.com/
Metrolina Greenhouses: Home page,https://www.metrolinagreenhouses.com/
Schwartz Greenhouse and Garden Center - Christmas ...,https://schwartzgreenhouse.com/
Nursery | Mt. Garfield Greenhouse & Nursery | United States,https://www.mtgarfieldgreenhouse.com/
Van Attas :: Home,https://www.vanattas.com/
NICOLE'S GREENHOUSE & FLORIST,https://www.nicolesgreenhouseandflorist.com/
Christianson's Nursery & Greenhouse on Best Road,https://www.christiansonsnursery.com/
"Statistical Overview of the Canadian Ornamental Industry, ...",https://agriculture.canada.ca/en/sector/horticulture/reports/statistical-overview-canadian-ornamental-industry-2022
Country Basket Garden Centre | Niagara Greenhouse & Nursery,https://www.countrybasketniagara.com/site/home
"The Greenhouse Florist and Nursery - Audrey Butler, ...",https://rotarynetworkingplus.com/listing/the-greenhouse-florist-and-nursery-audrey-butler.html
Rise and Shine Nursery,https://riseandshinenursery.ca/
Bradford Greenhouses Garden Gallery,https://shop.bradfordgreenhouses.com/
Kuhlmann's Greenhouse Garden Market: Home,https://kuhlmanns.com/
Home Page - Jensen's Nursery and Garden Centre,https://jensennursery.com/
Lockyers Country Gardens,https://lockyers.com/
Pemberton Valley Nurseries,https://www.pembertonvalleynurseries.com/
"Tarheel Nursery - Greenhouse & Garden Center Angier, NC",https://tarheelnursery.com/
Tonkadale Greenhouse | Minnetonka's favorite family-owned ...,https://tonkadale.com/
Caan Floral & Greenhouses: Home,https://www.caanfloral.com/
"Lovell's Florist, Greenhouse & Nursery: Medfield Florist ...",https://www.lovellsflorist.com/
"Northville, MI | Willow Greenhouse",https://www.willowgreenhouse.com/
Garden Greenhouse,https://www.gardengreenhouse.net/
Suntory Flowers: Home,https://suntoryflowers.com/
"Hoffmann Hillermann Nursery & Florist, Washington, MO 63090",https://www.hillermann.com/
Cliff Avenue Greenhouse and Garden Center,https://www.cliffavegreenhouse.com/
Soares Flower Garden Nursery | Making gardeners smile ...,https://soaresflowergardennursery.com/
Lacoste Garden Centre webshop Winnipeg,https://www.lacostegardencentre.com/
Welcome to Windsor Greenhouse! • Windsor Greenhouse,https://windsorgreenhouse.ca/
MacArthur's Nurseries Inc.,https://macarthursnurseries.com/
Vandermeer Nursery – Durham's largest garden centre ...,https://www.vandermeernursery.com/
Colour Paradise Greenhouses,https://www.colourparadise.com/
Greenhouse & Nursery,https://winderberry.ca/greenhouse/
"Garden Centre and Greenhouses in Owen Sound, Ontario",https://westsidenurseries.ca/
TERRA Greenhouses: Home,https://terragreenhouses.com/
Spring Meadow Nursery,https://springmeadownursery.com/
"Premier Growers, Inc. – Wholesale Flower Nursery",https://premiergrowersinc.com/
Stanley's Greenhouse,http://www.stanleysgreenhouse.com/
Telly's Greenhouse & Garden Center - The Gardener's Paradise!,https://tellys.com/
Bench's Greenhouse,https://www.benchsgreenhouse.com/
Welcome To Donaldson's Greenhouse & Nursery ...,https://donaldsongreenhouse.com/
Lovell's Florist & Nursery: Home,https://lovellsfloristandnursery.com/
Young's Greenhouse - Local Nursery & Garden Center South ...,https://theyoungsgreenhouse.com/
Pembroke Florist | Pembroke NH Flower Shop | NICOLE'S ...,https://www.nicolesgreenhouseandflorist.com/
Welcome to Bailey Nurseries | Growing What's Next,https://www.baileynurseries.com/
Danziger: Ornamental Flower Breeder & Young Plant Producer,https://www.danzigeronline.com/
White Flower Farm,https://www.whiteflowerfarm.com/
"Miller's Greenhouses & Flowers: Smithfield, PA Florist: | Local ...",https://millersgreenhouses.com/
Grime Nursery VT Greenhouse | Waterford Vermont Greenhouse,https://www.grimenurseryvt.com/
Telly's Greenhouse & Garden Center - The Gardener's Paradise!,https://tellys.com/
Baltic Greenhouse Nursery: About Us,https://grownwithsunshine.com/
Lovell's Florist & Nursery: Home,https://lovellsfloristandnursery.com/
"Home | Boehler's Greenhouse Plants & Gardening | Saginaw, MI",https://www.boehlersgreenhouse.com/
"Flower Shop Cape May County, NJ - Garden Greenhouse",https://www.gardengreenhouse.net/flower-shop/
"Flowers and Shrubs in Gainesville, FL. | The Green House ...",https://www.tghnfl.com/new-page-10
Spring Meadow Nursery,https://springmeadownursery.com/
"About Dwyer Greens & Flowers | Nursery, Greenhouse and ...",https://www.dwyergreens.com/us/
About Us (Garden Centre),https://greenhousetogarden.ca/about-us/
Greenhouse,https://www.floraldaily.com/sector/673/greenhouse/
Riverside-greenhouses: Riverside Greenhouses - Serving ...,https://riversidegreenhouses.ca/
Vermeer – Garden Centre & Flower Shop,https://vermeers.ca/
SpringBreak Garden Centre — SBFF,https://www.springbreakflowerfarm.com/garden-centremain
"Premier Growers, Inc. – Wholesale Flower Nursery",https://premiergrowersinc.com/
Fernlea Flowers Ltd. - Greenhouse Tour,https://www.fernlea.com/tour.html
Canadale Nurseries | Your Source for Gardening Supplies,https://canadale.ca/
Mary's Greenhouse & Nursery,https://marys-terraflora.com/marys-greenhouse/
Tagawa Greenhouse | Young Plants Supplier and Retail ...,https://www.tagawagreenhouse.com/
"Gulley Greenhouse and Garden Center | Fort Collins, CO",https://www.gulleygreenhouse.com/
Forest Lake Greenhouses,https://www.forestlakegreenhouses.com/
Parrans Greenhouse and Farms Ida Michigan,https://www.parransgreenhouse.com/
Lowe's Greenhouse | Home,https://lowesgreenhouse.com/
"Houseplant Greenhouse | Flowers | Latrobe, PA",https://www.laurelnurseryinc.com/houseplants
Calloway's Nursery | Texas Garden Center | Plant Store,https://www.calloways.com/
"Myers Greenhouse | Lexington, Clemmons & Winston-Salem ...",https://www.myersgreenhouse.com/
About us - The Greenhouse,https://www.thegreenhousepnw.com/pages/about-us
Langton Greenhouse,https://www.langtongreenhouse.co.uk/
Milgro Nursery,https://www.milgro.com/
"Pembroke, NH - Nursery",https://www.nicolesgreenhouseandflorist.com/nursery
SpringBreak Garden Centre — SBFF,https://www.springbreakflowerfarm.com/garden-centremain
K&A Greenhouse | Where Inspiration Grows,https://www.kandagreenhouse.com/
News - Madrona Nursery,https://madrona.co.uk/news/
Country Basket Garden Centre | Niagara Greenhouse & Nursery,https://www.countrybasketniagara.com/site/home
Van Attas :: Home,https://www.vanattas.com/
"The Greenhouse Florist and Nursery - Audrey Butler, ...",https://rotarynetworkingplus.com/listing/the-greenhouse-florist-and-nursery-audrey-butler.html
Greenhouse & Nursery Solutions - US - Turf,https://nufarm.com/usturf/products/ghn_solution/
Grime Nursery VT Greenhouse | Waterford Vermont Greenhouse,https://www.grimenurseryvt.com/
Lovell's Florist & Nursery: Home,https://lovellsfloristandnursery.com/
"Bengert Greenhouses | West Seneca, NY | Serving Greater ...",https://bengertgreenhouses.com/
Plants | Lakeside Greenhouses | United States,https://www.lakeside-greenhouses.com/
Sokolowski's Greenhouses: Clifton Park | Plant & Garden ...,https://www.sokolowskigreenhouses.com/
Plants - Noble's Greenhouse,https://www.noblesgreenhouse.com/products/plants/
Shopping,https://www.ashwoodnurseries.com/visit-us/shopping/
Wooden Greenhouse Nursery & PE Cover - Natural (FSC ...,https://www.dobbies.com/wooden-greenhouse-nursery-pe-cover-natural-fsc-100%25/5637769353.p
Chapter 12. California's nursery and floral industry,https://s.giannini.ucop.edu/uploads/pub/2021/01/21/chapter_12_nurseryfloral_2020.pdf
Growing Annuals & Perennials in our own Greenhouses,https://www.hattoys.com/hattoys-greenhouses/
Culver's Lawn and Landscape | Garden Center and Giftshop ...,https://www.culverslandscape.com/
Sailer's Greenhouse,https://www.sailersgreenhouse.com/
About Us - Floral Acres Greenhouse & Garden Centre,https://floralacres.ca/pages/about
Greenhouse Nursery Management,https://www.us.envu.com/turf-and-ornamentals-management/production-ornamentals/portfolios-and-solutions/greenhouse-nursery-management
Family Roots Nursery,https://familyrootsnursery.net/
Local Nurseries & Greenhouses - Cornell Cooperative Extension,https://ccemadison.org/gardening/local-nurseries-greenhouses
"Huge selection indoor plants, outdoor plants, floral, gift and ...",https://baysidegardencenter.com/
Schriemers Market Centre,https://www.schriemers.com/
The Bloom Nursery | Greenhouse and Garden Center in Delta ...,https://grovedelta.com/bloom
Countryside Greenhouse: Home,https://www.countrysidegreenhouse.com/
Bell's Nursery and Gifts,https://bellsnurseryalaska.com/
Koetsier's Greenhouse - Home - Koetsier's Greenhouse,https://koetsiers.com/
Foertmeyer & Sons Greenhouse,https://foertmeyerandsons.com/
Baeten's Nursery & Greenhouse -,https://baetensnursery.com/
harts-greenhouse: Home,https://www.hartsgreenhouseflorist.com/
Guide to Rochester Area Nurseries and Greenhouses,https://rochesterlocal.com/life/guide-to-rochester-area-nurseries-and-greenhouses/
Echter's Nursery & Garden Center,https://www.gardencentermag.com/article/the-top-100-no-29--echters-nursery--garden-center/
Family Roots Nursery,https://familyrootsnursery.net/
History Japanese American Nurseries,http://www.janurseries.com/history/
Family Roots Nursery,https://familyrootsnursery.net/
History Japanese American Nurseries,http://www.janurseries.com/history/
"Greenhouse Fort Collins, CO - Plantorium Greenhouse and ...",https://plantorium.com/
"Michael Brothers Nursery - Greenhouse and Nursery, Plants",https://michaelbrothersnursery.com/
52 United States 2017 Census of Agriculture,"https://www.nass.usda.gov/Publications/AgCensus/2017/Full_Report/Volume_1,_Chapter_1_US/st99_1_0039_0039.pdf"
Home - Elburn,https://www.countrysideflowershop.com/elburn/
Baldwin Greenhouse | Local Garden Center | Baldwin ...,https://baldwingreenhouse-nursery.com/
"Holub Greenhouses, Inc: Gardening Supplies Ames, IA | Home",https://www.holubgreenhouses.com/
T&O: Nursery + Greenhouse,https://www.corteva.us/products-and-solutions/turf-and-ornamental/ornamentals.html
"H & B Greenhouse & Nursery - Garden Center, Plants",https://hbgreenhouse.com/
Woldhuis Farms Sunrise Greenhouse,https://woldhuisfarms.com/
Long Beach Nurseries | Basketcase Greenhouse ...,https://basketcasegreenhou.wixsite.com/bcnursery
History Japanese American Nurseries,http://www.janurseries.com/history/
"Miller's Greenhouses & Flowers: Smithfield, PA Florist: | Local ...",https://millersgreenhouses.com/
"WILDWOOD FLORA, Greenhouses and Flower Farm - Home",https://www.wildwoodflora.com/
About,https://www.flowerworldusa.com/about.aspx
UMass Extension Greenhouse Crops and Floriculture Program,https://ag.umass.edu/greenhouse-floriculture/about
"Painters Greenhouse: A Plant Lover's Paradise in Old Fort, NC",https://www.paintersgreenhouse.com/
Residential and Commercial Gardening Services,https://www.dakotagreensofcuster.com/services
Vestal Nursery,https://encyclopediaofarkansas.net/entries/vestal-nursery-4370/
Greenhouse | Rural Roots Nursery and Market Garden ...,https://www.ruralrootsnursery.ca/
harts-greenhouse: Home,https://www.hartsgreenhouseflorist.com/
Country Flower Farms,https://www.countryflowerfarms.org/
"Wentworth Greenhouses & Garden Center - Rollinsford, New ...",https://wentworthgreenhouses.com/
Cheshire Nursery - Garden Center and Flower Shop,https://www.cheshirenursery.com/
U.S. greenhouses and what they grow 2021,https://www.statista.com/statistics/1301951/products-grown-greenhouses-us/
Griffin Greenhouse Supplies,https://www.griffins.com/
Greenhouse Flowers royalty-free images,https://www.shutterstock.com/search/greenhouse-flowers
Nursery Certification and Plant Regulation,https://www.mda.state.mn.us/plants-insects/nursery-certification-plant-regulation
Canadian Greenhouse Conference: Home,https://www.canadiangreenhouseconference.com/
"Holub Greenhouses, Inc: Gardening Supplies Ames, IA | Home",https://www.holubgreenhouses.com/
Country Flower Farms,https://www.countryflowerfarms.org/
Louisburg Nursery & Greenhouse,https://www.louisburgnursery.com/
"Schulte's Greenhouse Nursery and Garden Center, St ...",https://schultesgreenhouse.com/
Echter's Nursery & Garden Center,https://www.gardencentermag.com/article/the-top-100-no-29--echters-nursery--garden-center/
Flower Wholesale and Retail | Roebuck Greenhouses | United ...,https://www.roebuckgreenhouses.com/
AJ Rahn Greenhouses | Celebrating 128 Years,https://ajrahn.com/
"Amherst Greenhouse | Quality Annuals, Perennials, Trees ...",https://amherstgreenhouse.com/
Farmer John's Greenhouse,https://www.farmerjohnsgreenhouse.com/
Our Story — Seattle's Favorite Garden Store Since 1924,https://www.swansonsnursery.com/our-story
"Minneapolis Flower Delivery | Bachman's Floral, Home and ...",https://www.bachmans.com/
The Greenhouse Florist & Nursery,https://www.zoominfo.com/c/the-greenhouse-florist-nursery/355642627
Proven Winners | The #1 Plant Brand,https://www.provenwinners.com/
Springhill Nurseries,https://wjdta.mbg-lab.de/
"Greenhouse, Nursery, And Flowers Market Size, Share, ...",https://www.digitaljournal.com/pr/news/greenhouse-nursery-and-flowers-market-size-share-growth-and-trend-latest-report-2023-2030-
Calloway's Nursery | Texas Garden Center | Plant Store,https://www.calloways.com/
Sarah Raven - All you need for a beautiful & productive garden,https://www.sarahraven.com/
"Mark Prielipp Greenhouse & Mohr | Britton, MI",http://www.mpgreenhouse.com/
"Hicks Nurseries' Greenhouse Team Member, Peggy, tells us ...",https://www.tiktok.com/@hicksnurseries/video/7194846155639934254
Atlantic Gardening: Home,https://www.atlanticgardening.com/
Abele Greenhouse & Garden Center: Home,https://abelegreenhouse.com/
"Amherst Greenhouse | Quality Annuals, Perennials, Trees ...",https://amherstgreenhouse.com/
"DFW Flower & Plant Nursery With 2 Locations, Southlake ...",https://theflowerranch.com/
Nurseries & Greenhouses - Missouri Department of Agriculture,https://agriculture.mo.gov/plants/nurseries/
Sakata Ornamentals - Innovation from Greenhouse to Garden,https://sakataornamentals.com/
Our Story — Seattle's Favorite Garden Store Since 1924,https://www.swansonsnursery.com/our-story
About Fort Thomas Florists & Greenhouses,https://www.fortthomasflorist.net/about-us
"WILDWOOD FLORA, Greenhouses and Flower Farm - Home",https://www.wildwoodflora.com/
Heath's Greenhouse & Nursery,https://heathsgreenhousenursery.com/
"Mark Prielipp Greenhouse & Mohr | Britton, MI",http://www.mpgreenhouse.com/
"Suttons: Vegetable Seeds, Flowers & Bedding Plants Online ...",https://www.suttons.co.uk/
East Bridgford Garden & Home - Blue Diamond,https://www.bluediamond.gg/garden-centre/east-bridgford-garden-home
"Hicks Nurseries' Greenhouse Team Member, Peggy, tells us ...",https://www.tiktok.com/@hicksnurseries/video/7194846155639934254
"Fruiting, rare & tropical plants for sale online at Logee's!",https://www.logees.com/
Bradford Greenhouses Garden Gallery,https://shop.bradfordgreenhouses.com/
Haskins Garden Centres: Home,https://www.haskins.co.uk/
"David Austin Roses - Bare root roses, Container roses ...",https://www.davidaustinroses.com/
Survey: Nursery/Greenhouse/Cut Flower Grower Impacted by ...,http://cceclinton.org/resources/survey-nursery-greenhouse-cut-flower-grower-impacted-by-covid-19
Roger's Gardens - Orange County's Best Nursery,https://www.rogersgardens.com/
Roger's Gardens - Orange County's Best Nursery,https://www.rogersgardens.com/
Longacres Garden Centres – Visit our Online Shop for Today's ...,https://www.longacres.co.uk/
United States Botanic Garden: Home,https://www.usbg.gov/
"PICKED IN THE MORNING, SERVED IN THE AFTERNOON",https://restaurantdekas.com/eng/garden
Nieuwkoop Europe: Wholesale of plants and planters,https://www.nieuwkoop-europe.com/
Floret Flowers - We are a small family farm in Washington's ...,https://www.floretflowers.com/
TERRA Greenhouses: Home,https://terragreenhouses.com/
Prairie Moon Nursery: Storefront,https://www.prairiemoon.com/
What is the Difference Between Greenhouse and Nursery,https://pediaa.com/what-is-the-difference-between-greenhouse-and-nursery/
"Gardener's Supply: Garden Tools, Planters, Raised Garden ...",https://www.gardeners.com/
Mulhall's Nursery | Garden Center & Landscaping Services,https://mulhalls.com/
"Painters Greenhouse: A Plant Lover's Paradise in Old Fort, NC",https://www.paintersgreenhouse.com/
Home | Wilson Nurseries | Kentucky's Plant People,https://www.wilsonnurseriesky.com/
Bela Flor Nurseries - Home,http://www.belaflornurseries.com/
"Lakeside Garden Center: Local Flower Nursery | Annandale, MN",https://lakesidegardenmn.com/
Sustainable Production Practices Adopted by Greenhouse ...,https://journals.ashs.org/hortsci/view/journals/hortsci/45/8/article-p1232.xml
Cabot Greenhouse and Nursery,http://www.cabotgreenhouseandnursery.com/
The Bloom Nursery | Greenhouse and Garden Center in Delta ...,https://grovedelta.com/bloom
"Oliver Paine Greenhouses, Nursery and Flowers",https://www.oliverpainegreenhouses.com/
Greenhouse Florist & Nursery,https://www.whidbeylocal.com/listing/view/58441/greenhouse-florist-nursery
Nursery / Greenhouse,https://www.naturaltouchlandscaping.com/supply-yard/nursery-greenhouse/
"Certified organic herbs, nursery and greenhouse, by State",https://www.ers.usda.gov/webdocs/DataFiles/52407/Greenhouse.xls?v=41544
Nursery List: Horticulture: APH: Maine ACF,https://www.maine.gov/dacf/php/horticulture/licensednurseries.shtml
Fessler Nursery partners with The Plant Company to ...,https://www.greenhousemag.com/news/fessler-nursery-partners-plant-company-distribute-leafjoy-premium-houseplants-western-us-proven-winners/
Prairie Moon Nursery: Storefront,https://www.prairiemoon.com/
United States Botanic Garden: Home,https://www.usbg.gov/
Molbak's,https://molbaks.com/
Green Acres Nursery & Supply,https://idiggreenacres.com/
Roger's Gardens - Orange County's Best Nursery,https://www.rogersgardens.com/
9 Online Nurseries You Can Trust (and 1 You Can't),https://www.prettypurpledoor.com/buying-plants-online/
Egan Gardens | We Do Flowers!,http://egangardens.com/content/
"Jackson & Perkins: Roses, Perennials, Gift Plants, and Garden ...",https://www.jacksonandperkins.com/
Armstrong Garden Centers: Landscape Design & Installation ...,https://www.armstronggarden.com/
Nieuwkoop Europe: Wholesale of plants and planters,https://www.nieuwkoop-europe.com/
Ball Seed Company,https://www.ballseed.com/
"Thompson & Morgan: Buy Plants, Seeds, Fruit Trees & Seed ...",https://www.thompson-morgan.com/
Untitled,https://jmydr.barjaeger.de/
BFG Supply: Home,https://www.bfgsupply.com/
9 Online Nurseries You Can Trust (and 1 You Can't),https://www.prettypurpledoor.com/buying-plants-online/
Stark Bro's Nurseries & Orchards Co - Since 1816,https://www.starkbros.com/
Armstrong Garden Centers: Landscape Design & Installation ...,https://www.armstronggarden.com/
"Wholesale Nursery | Harry's Greenhouse, Inc. | Texas",https://www.harrysgreenhouse.com/
Grower Supply,https://yjohk.hollenberg1987.de/
Ball Seed Company,https://www.ballseed.com/
"PICKED IN THE MORNING, SERVED IN THE AFTERNOON",https://restaurantdekas.com/eng/garden
Wholesale planters,https://xmykp.yiwugo.de/
Greenhouse,https://www.jollyfarmer.com/greenhouse/
"Thompson & Morgan: Buy Plants, Seeds, Fruit Trees & Seed ...",https://www.thompson-morgan.com/
BFG Supply: Home,https://www.bfgsupply.com/
Stark Bro's Nurseries & Orchards Co - Since 1816,https://www.starkbros.com/
The Watering Can Flower Market | Merchants of Happiness,https://thewateringcan.ca/
6 Great Garden Centers and Nurseries in Pittsburgh,https://www.discovertheburgh.com/pittsburgh-flower-nurseries/
Kraynaks – Your Store for all Seasons,https://www.kraynaks.com/
"Jackson & Perkins: Roses, Perennials, Gift Plants, and Garden ...",https://www.jacksonandperkins.com/
Garden Center,https://www.homedepot.com/b/Outdoors-Garden-Center/N-5yc1vZbx6k
Costa Farms - Plants Sold Fresh from the Farm,https://costafarms.com/
Moon Valley Nurseries: Tree and Plant Nursery | Home,https://www.moonvalleynurseries.com/
Eden Brothers: Flower Bulbs & Heirloom Seeds | Vegetables ...,https://www.edenbrothers.com/
Ball Seed Company,https://www.ballseed.com/
BFG Supply: Home,https://www.bfgsupply.com/
"BWI Companies Wholesale Distribution: Farm, Garden, Turf ...",https://www.bwicompanies.com/
New England Botanic Garden at Tower Hill,https://nebg.org/
Franklin Park Conservatory and Botanical GardensFranklin ...,https://www.fpconservatory.org/
Shop the Lowe's Garden Center for All Your ...,https://www.lowes.com/l/shop/garden-center
From Small Nursery to Family Destination: The Evolution of ...,https://www.nshoremag.com/shop-renew/from-small-nursery-to-family-destination-the-evolution-of-nunans-florist-and-greenhouses/
Chihuly Garden and Glass,https://www.chihulygardenandglass.com/
"Simple & Grand: Seasonal Planters, Arrangements Delivered ...",https://simpleandgrand.com/
US Nursery: Start with Genetically Advanced Hemp Clones for ...,https://www.usnursery.com/
TERRA Greenhouses: Home,https://terragreenhouses.com/
What is the Difference Between Greenhouse and Nursery,https://pediaa.com/what-is-the-difference-between-greenhouse-and-nursery/
Franklin Park Conservatory and Botanical GardensFranklin ...,https://www.fpconservatory.org/
Shop the Lowe's Garden Center for All Your ...,https://www.lowes.com/l/shop/garden-center
From Small Nursery to Family Destination: The Evolution of ...,https://www.nshoremag.com/shop-renew/from-small-nursery-to-family-destination-the-evolution-of-nunans-florist-and-greenhouses/
Chihuly Garden and Glass,https://www.chihulygardenandglass.com/
"Simple & Grand: Seasonal Planters, Arrangements Delivered ...",https://simpleandgrand.com/
US Nursery: Start with Genetically Advanced Hemp Clones for ...,https://www.usnursery.com/
TERRA Greenhouses: Home,https://terragreenhouses.com/
What is the Difference Between Greenhouse and Nursery,https://pediaa.com/what-is-the-difference-between-greenhouse-and-nursery/
Johnny's Selected Seeds | Supporting Farms & Gardens Since ...,https://www.johnnyseeds.com/
Petersham Nurseries - Organic Italian Restaurants & Lifestyle ...,https://petershamnurseries.com/
