https://www.sunnysidenursery.net/,334-2002sunnysidenursery@msn.com
https://cavottas.com/,44110angelacavotta@att.net
https://daytonflowerandgarden.com/,Info@daytonflowerandgarden.com
https://daytonflowerandgarden.com/,info@daytonflowerandgarden.com
https://echobrooknursery.com/,francine@echobrooknursery.com
https://www.shopseedtostem.com/,Emailseedtostem@gmail.com
https://www.helmisgardens.com/,helmi@helmisgardens.com
http://rittersllc.com/the-nursery,Emailinfo@rittersllc.com
https://www.nurserytrees.com/States/state%20Connecticut.htm,info@nurserytrees.com
http://www.lavinflowers.com/,contact@lavinflowers.com
https://www.englishgardens.com/royal-oak-mi-garden-center-nursery/,info@EnglishGardens.com
https://www.orchardnursery.com/,94549orchard@orchardnursery.com
https://www.lafayetteflorist.com/garden-centergarden-center/,customerservice@lafayetteflorist.com
https://www.lafayetteflorist.com/,customerservice@lafayetteflorist.com
https://mcdonnellnursery.com/,info@mcdonnellnursery.com
https://www.botanylane.com/,sales@botanylane.com
http://www.climatehubs.usda.gov/hubs/northwest/topic/reducing-urban-heat-through-tree-planting-boise,director@tvcanopynetwork.net
http://www.climatehubs.usda.gov/hubs/northwest/topic/reducing-urban-heat-through-tree-planting-boise,droop@cityofboise.org
https://www.cityofboise.org/media/13916/cityoftreeschallenge-2021-impactreport_final.pdf,e@I.on
https://www.millhomenursery.com/about-us,mngplants@tcei.com
https://olivehill.net/about/our-people/,info@olivehill.net
https://www.nurserytrees.com/States/state%20Georgia.htm,info@nurserytrees.com
https://www.pinelanenursery.com/our-garden-services-parker-co/,wholesale@pinelanenursery.com
https://www.parkerplants.com/why/,INFO@PARKERPLANTS.COM
https://brossmansfarm.com/nursery-and-garden/,brossmanfarmstand@gmail.com
https://growsawyer.com/,info@sawyernursery.com
https://www.wigplants.com/,email-wig55@shaw.ca
https://www.erniplants.com/about.php,ernimail@erniplants.com
https://www.shopuptownflorist.ca/aboutus.html,jim@uptownflorist.ca
https://www.depts.ttu.edu/pss/greenhouse/index.php,834-8258vikram.baliga@ttu.edu
https://www.depts.ttu.edu/pss/greenhouse/index.php,psstechsupport@ttu.edu
https://www.edlingreenhouse.com/,edlingreenhouse@gmail.com
https://www.jacksonandperkins.com/,info@jacksonandperkins.com
https://www.becksflowershop.com/greenhouse.htm,contactus@becksflowershop.com
https://newhopegreenhouse.com/,newhopegreenhouses0513@gmail.com
https://www.nurserytrees.com/States/state%20North%20Carolina.htm,info@nurserytrees.com
https://www.louisburgnursery.com/,matts@louisburgnursery.com
https://www.dailybreeze.com/2020/03/30/south-bay-history-torrance-flower-producer-once-supplied-gardenias-and-orchids-nationwide/,samgnerre1@gmail.com
https://www.poly-tex.com/contact-us/,info@poly-tex.com
https://www.poly-tex.com/contact-us/,generalsupport@poly-tex.com
https://www.poly-tex.com/contact-us/,3443info@poly-tex.com
https://www.carolinanativenursery.com/,sales@carolinanativenursery.com
https://altavista-nursery.com/,sales@altavista-nursery.com
http://d570785.u39.qwknetllc.com/retail-nursery.htm,Greg@CovingtonNursery.com
https://business.rowlettchamber.com/list/member/covington-s-nursery-landscape-1040,Info@rowlettchamber.com
https://agi.alabama.gov/plantprotection/nursery-growers/,ask-me@agi.alabama.gov
https://www.chattnaturecenter.org/job/horticulture-greenhouse-area/,camp@chattnaturecenter.org
https://www.chattnaturecenter.org/job/horticulture-greenhouse-area/,f.mcintyre@chattnaturecenter.org
https://www.chattnaturecenter.org/job/horticulture-greenhouse-area/,specialevents@chattnaturecenter.org
https://www.chattnaturecenter.org/job/horticulture-greenhouse-area/,t.kinmon@chattnaturecenter.org
https://www.chattnaturecenter.org/job/horticulture-greenhouse-area/,d.gibson@chattnaturecenter.org
https://www.nurserytrees.com/States/state%20Georgia.htm,info@nurserytrees.com
https://www.harwellsgreenthumb.com/,greenthumb@harwellsgreenthumb.com
https://www.logantrd.com/,info@logantrd.com
https://www.mccuegardencenter.com/,info@mccuegardencenter.com
https://northeastharvest.com/farm-pages/heimlich-nurseries-greenhouses-inc/,info@northeastharvest.com
https://northeastharvest.com/farm-pages/heimlich-nurseries-greenhouses-inc/,cheimlich04@yahoo.com
https://northeastharvest.com/farm-pages/heimlich-nurseries-greenhouses-inc/,essex@topsfieldfair.org
https://www.frostsgardencentres.co.uk/visit/woburn-sands,enquiries@frostsgroup.com
https://local.aarp.org/place/heimlich-nursery-woburn-ma.html,MA@aarp.org
https://segansbloominhauspa.com/,sbloominhaus@aol.com
https://www.groovyplantsranch.com/,675-2681contact@groovyplantsranch.com
https://straders.net/,employment@straders.net
https://www.leider.us/,davidhennenfent@yahoo.com
https://www.leider.us/,gardencenter@leider.us
https://welcome716.com/2021/06/23/buffalo-niagara-nurseries-greenhouses/,info@welcome716.com
https://www.intandem.org/programs-support/fine-arts-program/greenhouse/,info@intandem.org
http://www.shadyacresnursery.com/,ShadyAcresNursery@gmail.com
https://www.bloomssite.com/,53146proshill@yahoo.com
https://web.tnlaonline.org/Retail-Products/GreenhousesGreenhouse-Supplies,INFO@TNLAONLINE.ORG
https://www.dallasnews.com/business/retail/2023/03/14/california-garden-center-green-acres-nursery-supply-comes-to-texas/,mhalkias@dallasnews.com
https://texassuperstar.com/retailers-all/,plantNursery@example.com
https://www.plantfoundry.com/store/,info@plantfoundry.com
https://www.plantfoundry.com/about/,info@plantfoundry.com
https://www.nurserytrees.com/States/state%20Arkansas.htm,info@nurserytrees.com
https://www.nurserytrees.com/States/state%20Rhode%20Island.htm,info@nurserytrees.com
https://therhodelesstraveled.com/2015/05/,mm@michelemeek.com
https://www.blankparkzoo.com/conservation/plantgrowfly/create-your-garden/sources-for-seeds-and-plants,Prairie.Landscapes.of.Iowa.LLC@gmail.com
https://www.blankparkzoo.com/conservation/plantgrowfly/create-your-garden/sources-for-seeds-and-plants,info@bloomingprairieiowa.com
https://www.blankparkzoo.com/conservation/plantgrowfly/create-your-garden/sources-for-seeds-and-plants,plantgrowfly@blankparkzoo.org
https://www.mountvernon.org/the-estate-gardens/gardens-landscapes/four-gardens-at-mount-vernon/,tickets@mountvernon.org
https://www.mountvernon.org/the-estate-gardens/gardens-landscapes/ten-facts-about-the-gardens-at-mount-vernon/,tickets@mountvernon.org
https://jensensflowerandgarden.com/about/,jensensflowerandgarden@gmail.com
https://jensensflowerandgarden.com/,jensensflowerandgarden@gmail.com
https://rhodesgreenhouses.com/,jrhodes@bluefrog.com
https://www.nurserytrees.com/States/state%20Connecticut.htm,info@nurserytrees.com
http://www.caseysgardenshop.com/,caseys@caseysgardenshop.com
https://egardenplace.com/evergreen-greenhouse/,info@evergreenofch.com
https://egardenplace.com/,info@evergreenofch.com
https://www.haasesgreenhouse.com/,haasesgreenhouse@hotmail.com
https://libertyparkgreenhouse.com/,libpark@libertyparkgreenhouse.com
https://libertyparkgreenhouse.com/,534-9381libpark@libertyparkgreenhouse.com
https://bluemoonplants.com/,hello@bluemoonplants.com
http://www.secretgardengreenhouse.com/,info@secretgardengreenhouse.com
https://www.barnandblossom.com/,trish@barnandblossom.com
https://www.barnandblossom.com/,99223info@barnandblossom.com
https://scc.spokane.edu/What-to-Study/The-Natural-World/Greenhouse-Nursery,Teya.Kuhle@scc.spokane.edu
https://scc.spokane.edu/What-to-Study/The-Natural-World/Greenhouse-Nursery,Kim.Rose@scc.spokane.edu
https://scc.spokane.edu/What-to-Study/The-Natural-World/Greenhouse-Nursery,Cindy.Deffe@scc.spokane.edu
https://columbiabasintalk.com/2022/04/19/find-your-green-thumb-at-these-local-plant-shops-in-the-tri-cities/,sales@columbiabasintalk.com
https://columbiabasintalk.com/2022/04/19/find-your-green-thumb-at-these-local-plant-shops-in-the-tri-cities/,submit@columbiabasintalk.com
https://columbiabasintalk.com/2022/04/19/find-your-green-thumb-at-these-local-plant-shops-in-the-tri-cities/,community@northamericatalk.com
https://columbiabasintalk.com/2022/04/19/find-your-green-thumb-at-these-local-plant-shops-in-the-tri-cities/,billing@columbiabasintalk.com
https://columbiabasintalk.com/2022/04/19/find-your-green-thumb-at-these-local-plant-shops-in-the-tri-cities/,submit@ccolumbiabasintalk.com
https://gardenwashington.com/find-nurseries/,info@wsnla.org
https://www.inquirer.com/philly-tips/plants-seeds-gardening-stores-philadelphia-nj.html,str3001@shopterrain.com
https://www.inquirer.com/philly-tips/plants-seeds-gardening-stores-philadelphia-nj.html,hello@myrtleandmagnolia.com
https://www.inquirer.com/philly-tips/plants-seeds-gardening-stores-philadelphia-nj.html,hello@merakimarketnj.com
https://www.inquirer.com/philly-tips/plants-seeds-gardening-stores-philadelphia-nj.html,info@froehlichsfarm.com
https://www.inquirer.com/philly-tips/plants-seeds-gardening-stores-philadelphia-nj.html,hillsidejoe55@aol.com
https://www.peacetreefarm.com/,info@ptfdev.wpengine.com
https://www.peacetreefarm.com/,info@peacetreefarm.com
https://kentsgardenandnursery.com/,384-4433kentsgarden@gmail.com
https://eatlocalfirst.org/listing/bellingham-flower-farm/,bellinghamflowerfarm@gmail.com
https://www.lacrossefloral.net/greenhouse/,LindaZ@lacrossefloral.net
https://www.lacrossefloral.net/greenhouse/,laxflorallindac@gmail.com
https://www.nurserytrees.com/States/state%20Wisconsin.htm,info@nurserytrees.com
https://www.thegreenhouseatbittersweet.com/la-crosse-wedding-about,bittersweetgreenhouse@gmail.com
https://sherbondys.com/,sherbondygarden@gmail.com
https://www.nurserytrees.com/States/state%20Iowa.htm,info@nurserytrees.com
https://www.nurserytrees.com/States/state%20Florida.htm,info@nurserytrees.com
https://www.vickerygreenhouse.com/,sales@vickerygreenhouse.com
https://www.vickerygreenhouse.com/,austinsales@vickerygreenhouse.com
https://jacksonshg.com/,cvalz@jacksonshg.com
https://jacksonshg.com/,janetv@jacksonshg.com
https://jacksonshg.com/,bob@jacksonshg.com
https://jacksonshg.com/,kirk@jacksonshg.com
https://jacksonshg.com/,norman@jacksonshg.com
https://www.bloomingcolorsnursery.com/,bloomingcolors@bloomingcolorsnursery.com
https://www.dallasites101.com/blog/post/where-to-shop-for-plants-in-dallas/,contact@dallasites101.com
https://www.nurserytrees.com/States/state%20Michigan.htm,info@nurserytrees.com
https://dalsimer.com/our-story/,specialevents@dalsimer.com
https://dalsimer.com/our-story/,SpecialEvents@Dalsimer.com
https://odoms.com/,odomsorchids@comcast.net
https://www.discoverlancaster.com/directory/fishers-greenhouse-garden-center/,info@discoverlancaster.com
https://fishersloft.com/the-inn/gardens-and-greenhouse/,enquiries@fishersloft.com
https://www.allisonvillegarden.com/,info@allisonvillenursery.com
https://cheyennegardengossip.wordpress.com/2023/09/18/tankhouse-nursery/,bgorges2@gmail.com
https://www.murrietaoaksnursery.com/,muroakmike@gmail.com
https://gardensolutionsplants.com/resources/grower-retail-locator/,chris@sunsparklersedums.com
https://www.noblesvillechamber.com/list/member/l-m-gardens-inc-cicero-1653,info@noblesvillechamber.com
https://www.nurserytrees.com/States/state%20Indiana.htm,info@nurserytrees.com
https://townepost.com/listing/hoods-gardens-noblesville/,stacy@jpfrog.com
https://www.chino.k12.ca.us/Page/55600,al_bennett@chino.k12.ca.us
https://www.chino.k12.ca.us/Page/55600,antonia_hunt@chino.k12.ca.us
https://www.chino.k12.ca.us/Page/55600,lea_fellows@chino.k12.ca.us
https://www.seasonsnurseryinc.com/,contact@seasonsnurseryinc.com
https://www.seasonsnurseryinc.com/about-us,contact@seasonsnurseryinc.com
https://www.nurserytrees.com/States/state%20Maryland.htm,info@nurserytrees.com
https://heardsgardentour.com/wp-content/uploads/2021/05/MLHMGTGuide2021-web.pdf,A@I.vU
https://bowensvillefarm.com/contact-us/,info@bowensvillefarm.com
https://bowensvillefarm.com/contact-us/,7bowensvillefarm@gmail.com
https://dutchplantfarm.com/,info@dutchplantfarm.com
https://northsidegreenhouse-us.com/,Statesnorthsidegreenhouse@gmail.com
https://rhoadsgarden.com/about-us/,flowershop@rhoadsgarden.com
https://agi.alabama.gov/plantprotection/nursery-growers/,ask-me@agi.alabama.gov
https://cultivateconnections.org/wp-content/uploads/2018/07/April_May_2017.pdf,roger@kylerphotography.com
https://www.nurserytrees.com/States/state%20Wisconsin.htm,info@nurserytrees.com
https://cfgrower.com/it-takes-a-village-eberts-greenhouse-village/,info@leepub.com
https://jensensflowerandgarden.com/,jensensflowerandgarden@gmail.com
https://oaklandcountyblog.com/things-to-do/oakland-county-nurseries-and-greenhouses/,socialmedia@oakgov.com
https://www.nurserytrees.com/States/state%20Colorado.htm,info@nurserytrees.com
https://www.nurserytrees.com/States/state%20Iowa.htm,info@nurserytrees.com
https://tedsgardens.com/garden-center/,tedsgardens@tedsgardens.com
https://www.nurserytrees.com/States/state%20Wisconsin.htm,info@nurserytrees.com
https://onlinebooks.library.upenn.edu/webbin/book/browse?type=lcsubc&key=Nursery%20stock%20%2D%2D%20Massachusetts%20%2D%2D%20Fall%20River%20%2D%2D%20Catalogs&c=x,onlinebooks@pobox.upenn.edu
https://rosebreeders.org/sequoia.html,jjjzdelahanty@earthlink.net
https://terrabellanursery.com/,Rosa@TerraBellaNursery.com
https://terrabellanursery.com/,info@TerraBellaNursery.com
https://www.workhardplanthard.com/plant-travels,workhardplanthard@gmail.com
https://www.workhardplanthard.com/plant-travels,heyhorti@piep.co
https://www.coralspringsnursery.net/,info@coralspringsnursery.net
https://nicolesghandflorist.com/,lmills@nicolesghf.com
https://brighamfarmconcordma.com/,cpoutasse@comcast.net
https://www.lindleysgardencenter.com/,plants@lindleysgardencenter.com
https://allseasonsgardencenter.com/,info@allseasonsgardencenter.com
https://allseasonsgardencenter.com/greenhouse/,info@allseasonsgardencenter.com
https://www.timsheasnursery.com/,USAsheasnursery@yahoo.com
https://visitfairfieldcounty.org/listing/lancaster-greenhouse-nursery/,director@VisitFairfieldCounty.org
https://www.discoverlancaster.com/blog/garden-centers-lanc-pa/,info@discoverlancaster.com
http://freysgreenhouse.com/lancaster-pa/,info@freysgreenhouse.com
https://www.thegrowingplace.com/,grow@thegrowingplace.com
https://www.fieldsnursery.com/,info@fieldsnursery.com
https://www.rogersgreenhouse.net/,rogers.greenhouse@yahoo.com
https://www.rogersgreenhouse.net/our-plants,rogers.greenhouse@yahoo.com
https://www.rogersgardens.com/,shop@rogersgardens.com
https://rogersspringhill.com/,Info@rogersspringhill.com
https://urbanrootsnola.com/,Moreurbanroots@gmail.com
https://theflowerpotnursery.com/about-us/,info@theflowerpotnursery.com
https://neworleanscitypark.org/visit-city-park/pelican-greenhouse/,plants@nocp.org
https://theplantgallery.com/garden-center/,info@theplantgallery.com
https://canopyplantco.com/pages/about-us,LAinfo@canopyplantco.com
https://communityofgardens.si.edu/items/show/12230,communityofgardens@si.edu
https://jensensflowerandgarden.com/about/,jensensflowerandgarden@gmail.com
https://jensensflowerandgarden.com/,jensensflowerandgarden@gmail.com
https://www.nurserytrees.com/States/state%20Illinois.htm,info@nurserytrees.com
https://canyoncreekgardens.com/,twjohn7@gmail.com
https://onegreenworld.com/,info@onegreenworld.com
https://www.portlandavenursery.com/,outreach@portlandavenursery.com
https://www.pomariusnursery.com/,Pomarius@Me.com
https://nicolesghandflorist.com/,lmills@nicolesghf.com
https://brighamfarmconcordma.com/,cpoutasse@comcast.net
https://gardenwashington.com/find-nurseries/,info@wsnla.org
https://parkviewgardens.com/,parkviewplaceflowers@yahoo.com
https://waukeshafloral.com/plants/,rebecca@waukeshafloral.com
https://pialasnursery.com/,sales@pialasnursery.com
https://thomasgreenhouse.net/,thomasgreenhouse53149@gmail.com
https://flagstafflily.com/,flagstafflily@gmail.com
https://thearb.org/,nate.omeara@thearb.org
https://thearb.org/,info@thearb.org
https://www.alpinenurs.com/,info.alpinenurs@gmail.com
https://www.stepbystepfamily.org/lovelandgreenhouse,ourfamily@stepbystepfamily.org
https://www.stepbystepfamily.org/lovelandgreenhouse,896-0903ourfamily@stepbystepfamily.org
https://www.arcschenectady.org/schenectady-arc-horticulture-center/,info@sarcny.org
https://www.arcschenectady.org/schenectady-arc-horticulture-center/,Horticulture@arcschenectady.org
https://www.countryfairgarden.com/denver-co/plants-flowers/,CountryFairGarden@hardyboyplant.com
https://plumcreekgardenmarket.com/,Emailinfo@plumcreekgardenmarket.com
https://cityfloralgreenhouse.com/,info@cityfloralgreenhouse.com
https://cityfloralgreenhouse.com/about/,info@cityfloralgreenhouse.com
https://www.longacres.co.uk/help/longacres-chelmsford/,chelmsford@longacres.co.uk
https://www.clockhousenursery.co.uk/,info@clockhousenursery.co.uk
https://ag.umass.edu/greenhouse-floriculture/about,ag@cns.umass.edu
https://www.plantsbypost.com/store-info,hello@plantsbypost.com
https://www.campbellsnursery.com/,info@yourdomain.com
http://www.campbellgardens.net/,887-0427campbellgardens53@att.net
http://www.campbellgardens.net/,campbellgardens53@att.net
https://dret-greenfields.greenhousecms.co.uk/News/Year-Two-are-Buzy/,admin@greenfields-pri.co.uk
https://www.nurserytrees.com/States/state%20Ohio.htm,info@nurserytrees.com
https://www.northjersey.com/story/news/morris/lincoln-park/2021/12/10/gro-rite-garden-center-lincoln-park-nj-closing-doors/6466862001/,browns@northjersey.com
https://suburbantrends.coolerads.com/businesses/profile/gro-rite-greenhouse,ken@grorite.com
https://www.nurserytrees.com/States/state%20Arizona.htm,info@nurserytrees.com
https://encyclopediaofarkansas.net/entries/vestal-nursery-4370/,editor@cals.org
https://encyclopediaofarkansas.net/entries/vestal-nursery-4370/,calsfoundation@cals.org
https://www.botanicagardens.com/about-us/,botanicagardens@sbcglobal.net
https://www.botanicagardens.com/about-us/,lindasueplantopia@yahoo.com
https://www.agriculture.arkansas.gov/wp-content/uploads/2022/05/Nurseryman-Website-Directory.pdf,cara.tharp@agriculture.arkansas.gov
https://www.agriculture.arkansas.gov/wp-content/uploads/Nursery-Dealer.pdf,cara.tharp@agriculture.arkansas.gov
https://thefloristatmoana.com/,theflorist@moananursery.com
https://thefloristatmoana.com/about-us/,theflorist@moananursery.com
https://www.nurserytrees.com/States/state%20Nevada.htm,info@nurserytrees.com
https://jaredsgarden.com/,jaredsgc@jaredsgarden.com
https://jaredsgarden.com/contact/,help@jaredsgarden.com
https://jaredsgarden.com/contact/,jaredsgc@jaredsgarden.com
https://plumcreekgardenmarket.com/,Emailinfo@plumcreekgardenmarket.com
https://prescottvalleynursery.com/retail-garden-center/,pvnursery@hotmail.com
https://www.summerwindsnursery.com/ca/locations/dublin/,Dublin@summerwinds.net
https://www.globenewswire.com/en/news-release/2021/04/02/2203804/28124/en/Outlook-on-the-Greenhouse-Nursery-and-Flowers-Global-Market-to-2030-Identify-Growth-Segments-for-Investment.html,press@researchandmarkets.com
https://www.businesswire.com/news/home/20220713005467/en/Greenhouse-Nursery-And-Flowers-Global-Market-Report-2022-Vertical-Farming-Presents-Opportunities---ResearchAndMarkets.com,press@researchandmarkets.com
https://www.businesswire.com/news/home/20210331005585/en/Global-Greenhouse-Nursery-and-Flowers-Market-Report-2021-to-2030---COVID-19-Impact-and-Recovery---ResearchAndMarkets.com,press@researchandmarkets.com
https://straders.net/about/,employment@straders.net
https://www.handnlandscaping.com/,info@handnlandscaping.com
https://www.handnlandscaping.com/,info@hnfloral.com
https://txktoday.com/news/business-blooming-little-country-greenhouse/,field@txktoday.com
https://txktoday.com/news/business-blooming-little-country-greenhouse/,press@txktoday.com
https://www.pomariusnursery.com/,Pomarius@Me.com
https://www.nurserytrees.com/States/state%20Minnesota.htm,info@nurserytrees.com
https://www.nurserytrees.com/States/state%20Connecticut.htm,info@nurserytrees.com
https://www.nurserytrees.com/States/state%20California.htm,info@nurserytrees.com
https://calexicochronicle.com/2021/03/04/business-blooms-again-for-valley-flower-grower/,jmorales@calexicochronicle.com
https://calexicochronicle.com/2021/03/04/business-blooms-again-for-valley-flower-grower/,info@calexicochronicle.com.For
https://californiagrown.org/blog/meet-a-farmer-janet-louie-of-green-valley-floral/,info@californiagrown.org
https://brownsflorist.com/our-history/,westshore@brownsflorist.com
https://brownsflorist.com/our-history/,flowers@brownsflorist.com
https://brownsflorist.com/our-history/,sidney@brownsflorist.com
https://casetext.com/case/suffolk-van-bourgondien,ndcary@vorys.com
https://www.exploreflintandgenesee.org/blog/post/discover-local-nurseries-and-greenhouses-in-flint-genesee/,info@flintandgenesee.org
https://www.kensgreenhouse.com/,kayporter90@yahoo.com
https://www.floraldaily.com/article/9210174/us-ca-rising-sun-farm-garden-lets-its-greenhouse-shine/,432-3521agra-tech@agratech.comagratech.com
https://www.nurserytrees.com/States/state%20Ohio.htm,info@nurserytrees.com
http://www.greendesertnursery.com/,sales@GreenDesertNursery.com
https://northscottsdalenursery.com/,northscottsdalenursery@yahoo.com
https://deserthorizonnursery.com/,info@deserthorizonnursery.com
https://www.groovyplantsranch.com/,675-2681contact@groovyplantsranch.com
https://straders.net/,employment@straders.net
https://www.apropergarden.net/index.html,info@apropergarden.net
https://visitfairfieldcounty.org/listing/lancaster-greenhouse-nursery/,director@VisitFairfieldCounty.org
https://www.discoverlancaster.com/blog/garden-centers-lanc-pa/,info@discoverlancaster.com
http://freysgreenhouse.com/lancaster-pa/,info@freysgreenhouse.com
https://journalstar.com/news/local/new-garden-center-opens-in-east-lincoln/article_53b85b4c-d7b7-11ed-a2b7-3b93ed8cec94.html,molberding@journalstar.com.On
https://lincolnavenuenursery.com/,lincolnavenuenursery@yahoo.com
https://www.campbellsnursery.com/shop/,info@yourdomain.com
https://barnesgreenhouses.com/,plants@barnesgreenhouses.com
https://barnesgreenhouses.com/,beth@barnesgreenhouses.com
https://connon.ca/trenton-sales-yard/,trentonsales@connon.ca
https://connon.ca/trenton-sales-yard/,sales@connon.ca
https://allandalefarm.com/garden-center,allandale@allandalefarm.com
https://www.newenglandnurseries.com/contact-us/,info@newenglandnurseries.com
https://www.newenglandnurseries.com/,info@newenglandnurseries.com
https://rochesterlocal.com/life/guide-to-rochester-area-nurseries-and-greenhouses/,info@rochesterlocal.com
https://rochesterlocal.com/life/guide-to-rochester-area-nurseries-and-greenhouses/,Thor@LTSBrewing.com
https://www.genrichflorist.com/,dgenrich@genrichs.com
https://www.gardenfactoryny.com/,Emailinfo@gardenfactoryny.com
https://www.nurserytrees.com/States/state%20Missouri.htm,info@nurserytrees.com
https://frisellanursery.com/celebrating-65-years/,hello@frisellanursery.com
https://www.nurserytrees.com/States/state%20Maryland.htm,info@nurserytrees.com
https://greenstreetgardens.com/about-us/alexandria/,inthedirt@greenstreetgardens.com
https://beyondbehnkes.com/gambrills-flower-farm-visit/,flowers@gambrillsflowerfarm.com
https://mdflora.org/nurseries.html,joe@friendshipfarms.com
https://mdflora.org/nurseries.html,stjohnsemail@aol.com
https://mdflora.org/nurseries.html,info@sylvanative.com
https://mdflora.org/nurseries.html,contact@Archewild.com
https://mdflora.org/nurseries.html,carrie@butterflyalley.net
https://mdflora.org/nurseries.html,gardens@brandywine.org
https://mdflora.org/nurseries.html,wakevn@gmail.com
https://mdflora.org/nurseries.html,nursery@bluewaterbaltimore.org
https://mdflora.org/nurseries.html,4cgardeners@copper.net
https://mdflora.org/nurseries.html,info@clearridgenursery.com
https://mdflora.org/nurseries.html,bonaterra@bonaterradc.com
https://mdflora.org/nurseries.html,info@stadlernativeplants.com
https://mdflora.org/nurseries.html,Catherine@yellowspringsfarm.com
https://mdflora.org/nurseries.html,gonative@voicenet.com
https://mdflora.org/nurseries.html,sales@pinelandsnursery.com
https://mdflora.org/nurseries.html,order@northcreeknurseries.com
https://mdflora.org/nurseries.html,sales@awcconservation.com
https://mdflora.org/nurseries.html,heartwoodnursery@yahoo.com
https://mdflora.org/nurseries.html,infor@northcreeknurseries.com
https://mdflora.org/nurseries.html,barry@sunfarm.com
https://mdflora.org/nurseries.html,toadshad@toadshade.com
https://mdflora.org/nurseries.html,LaurensGardens@gmail.com
https://mdflora.org/nurseries.html,Virginia@winstongardens.com
https://mdflora.org/nurseries.html,Jillian@delmarvanativeplants.com
https://mdflora.org/nurseries.html,sarah@twinleafnativenursery.com
https://mdflora.org/nurseries.html,julie@watermarkwoods.com
https://mdflora.org/nurseries.html,wildspiritnatives@gmail.com
https://mdflora.org/nurseries.html,rob@pitcherplant.com
https://mdflora.org/nurseries.html,sales@ernstseed.com
https://mdflora.org/nurseries.html,meadowview@pitcherplant.org
https://mdflora.org/nurseries.html,hello@izelplants.com
https://mdflora.org/nurseries.html,sales@midatlanticnatives.com
https://mdflora.org/nurseries.html,plants@sevenbends.org
https://mdflora.org/nurseries.html,info@howardecoworks.org
https://mdflora.org/nurseries.html,mariana@wildflowernativeplants.com
https://mdflora.org/nurseries.html,Twright@providencecenter.com
https://mdflora.org/nurseries.html,info@newmoonnursery.com
https://mdflora.org/nurseries.html,bill@keystonewildflowers.com
https://mdflora.org/nurseries.html,octoraro@octoraro.com
https://mdflora.org/nurseries.html,info@directnativeplants.com
https://mdflora.org/nurseries.html,nativeplants@adkinsarboretum.org
https://mdflora.org/nurseries.html,morningsidefarmandnursery@gmail.com
https://mdflora.org/nurseries.html,info@edgeofthewoodsnursery.com
https://mdflora.org/nurseries.html,info@chesapeakenatives.org
https://www.truesucculents.com/pages/about-us,sales@truesucculents.com
https://camforest.com/,camelliaforest@gmail.com
https://camforest.com/pages/about-us,camelliaforest@gmail.com
https://www.guntersgreenhouse.com/,plantsrus@nc.rr.com
https://clintonparkwaynursery.com/,clintonparkway@aol.com
https://clintonparkwaynursery.com/,contact@clintonparkwaynursery.com
https://www.kansan.com/arts_and_culture/local-farm-nursery-expands-operation-in-east-lawrence-garden-center/article_6138a96a-6796-11e9-9c9e-f3649f6dbe23.html,editor@kansan.com
https://www.nurserytrees.com/States/state%20California.htm,info@nurserytrees.com
https://calexicochronicle.com/2021/03/04/business-blooms-again-for-valley-flower-grower/,jmorales@calexicochronicle.com
https://calexicochronicle.com/2021/03/04/business-blooms-again-for-valley-flower-grower/,info@calexicochronicle.com.For
https://www.vankalkerfarms.com/about-us,info@vankalkerfarms.com
https://www.carasnursery.com/,59804plants@carasnursery.com
https://www.nurserytrees.com/States/state%20Montana.htm,info@nurserytrees.com
https://www.willowgardensclovis.com/,Emailwillowgardensnursery@yahoo.com
https://kslandscaping.net/nursery/,sales@kslandscaping.net
https://gilberthwild.com/,customerservice@gilberthwild.com
https://gilberthwild.com/,Customerservice@gilberthwild.com
https://waytogrowgreenhouses.com/about/,info@waytogrowgreenhouses.com
https://downtoearthgreenhouse.com/,675-2705dtegreenhouse@gmail.com
https://www.ribmountaingreenhouse.org/,ribmtngreenhouse@gmail.com
https://www.logantrd.com/,info@logantrd.com
https://waltermagazine.com/explore/nurseries-and-garden-centers-in-the-triangle/,addie@waltermagazine.com
https://waltermagazine.com/explore/nurseries-and-garden-centers-in-the-triangle/,ayn-monique@waltermagazine.com
https://waltermagazine.com/explore/nurseries-and-garden-centers-in-the-triangle/,customerservice@waltermagazine.com
https://waltermagazine.com/explore/nurseries-and-garden-centers-in-the-triangle/,julie@waltermagazine.com
https://waltermagazine.com/explore/nurseries-and-garden-centers-in-the-triangle/,cristina@waltermagazine.com
https://www.plantdelights.com/,plant.info@plantdelights.com
https://www.plantdelights.com/,office@plantdelights.com
https://www.plantdelights.com/,images@plantdelights.com
https://www.plantdelights.com/,media@plantdelights.com
https://www.plantdelights.com/,info@jlbg.org
https://www.plantdelights.com/,programs@plantdelights.com
https://www.plantdelights.com/,jobs@plantdelights.com
https://www.plantdelights.com/,sales@plantdelights.com
https://www.plantdelights.com/,visit@plantdelights.com
https://www.guntersgreenhouse.com/,plantsrus@nc.rr.com
https://www.fieldtocottage.com/,April.fieldtocottage@gmail.com
https://www.orchardnursery.com/our-history,94549orchard@orchardnursery.com
https://www.ruthbancroftgarden.org/,lights@ruthbancroftgarden.org
https://www.ruthbancroftgarden.org/,membership@ruthbancroftgarden.org
https://www.nurserytrees.com/States/state%20California.htm,info@nurserytrees.com
https://southernarizonaguide.com/recommended-nurseries-in-tucson/,info@southernarizonaguide.com
https://aznps.com/native-landscaping-partners/,info@wilderla.com
https://www.tallahasseenurseries.com/,32308theexperts@tallahasseenurseries.com
https://www.tallahasseenurseries.com/about/,32308theexperts@tallahasseenurseries.com
https://floridadep.gov/rcp/aquatic-preserve/content/greenhouse-and-nursery,Public.Services@FloridaDEP.gov
https://espositogardencenter.com/,contact@espositogardencenter.com
https://www.nurserytrees.com/States/state%20Virginia.htm,info@nurserytrees.com
https://www.milbergernursery.com/,78247nursery@milbergersa.com
https://www.milbergernursery.com/,nursery@milbergersa.com
https://www.scgardens.com/,events@scgardens.com
https://www.blacksflowershop.com/,blacksflowershopwi@gmail.com
https://grobenursery.com/about_us,info@grobenursery.com
https://www.grobenursery.com/spring_to_fall_perennial_colour,info@grobenursery.com
https://belgian-nursery.com/our-history/,info@belgian-nursery.com
https://yardistrystructures.com/6-7-x-6-meridian-greenhouse/,support@yardistrystructures.com
https://yardistrystructures.com/6-7-x-9-7-meridian-greenhouse/,support@yardistrystructures.com
https://www.theforestflower.com/,info@theforestflower.com
https://www.theforestflower.com/,Us.info@theforestflower.com
http://www.gotexan.org/LinkClick.aspx?fileticket=nCnDJwZmU1w=&tabid,gotexan@texasagriculture.gov
https://www.guntersgreenhouse.com/,plantsrus@nc.rr.com
https://archive.org/stream/annualreportofto1959weym/annualreportofto1959weym_djvu.txt,associate-helen-boos@archive.org
https://archive.org/stream/annualreportofto1959weym/annualreportofto1959weym_djvu.txt,admin-tim-bigelow@archive.org
https://www.maine.gov/dacf/municipalplanning/comp_plans/Belfast_2023.pdf,Q@5s.XZ
https://www.tulsagardencenter.org/,info@tulsagardencenter.org
https://djgreen.com/,info@djgreen.com
https://www.flowerscanadagrowers.com/about-us,flowers@fco.on.ca
https://www.westbrookgroup.ca/our-companies/westbrook-greenhouses/,chris@westbrooksystems.com
https://www.westbrookgroup.ca/our-companies/westbrook-greenhouses/,len@westbrooksystems.com
https://www.westbrookgroup.ca/our-companies/westbrook-greenhouses/,info@westbrookgreenhouses.com
https://flowershopwakefield.com/,gregorysgardencenter@verizon.net
https://www.allensterlinglothrop.com/,shawn@allensterlinglothrop.com
https://www.allensterlinglothrop.com/greenhouse,shawn@allensterlinglothrop.com
http://www.lavocatsnursery.com/tag/cut-flowers/,info@lavocatsnursery.com
http://www.lavocatsnursery.com/tag/cut-flowers/,claims@lavocatsnursery.com
https://greenthingsaz.com/,sales@greenthingsaz.com
https://tohonochul.org/retail-greenhouse/,216Accounting@tohonochul.org
https://tohonochul.org/retail-greenhouse/,marketing@tohonochul.org
https://tohonochul.org/retail-greenhouse/,217Exhibits@tohonochul.org
https://tohonochul.org/retail-greenhouse/,212ExecutiveDirector@tohonochul.org
https://tohonochul.org/retail-greenhouse/,CoordinatorEventdept@tohonochul.org
https://tohonochul.org/retail-greenhouse/,222Marketing@tohonochul.org
https://tohonochul.org/retail-greenhouse/,260ecox@tohonochul.org
https://tohonochul.org/retail-greenhouse/,219rvassar@tohonochul.org
https://tohonochul.org/retail-greenhouse/,221HumanResources@tohonochul.org
https://tohonochul.org/retail-greenhouse/,241Volunteer@tohonochul.org
https://tohonochul.org/retail-greenhouse/,261Philanthropy@tohonochul.org
https://tohonochul.org/retail-greenhouse/,eventdept@tohonochul.org
https://tohonochul.org/retail-greenhouse/,philanthropy@tohonochul.org
https://tohonochul.org/retail-greenhouse/,Philanthropy@tohonochul.org
https://tohonochul.org/retail-greenhouse/,243ndaly@tohonochul.org
https://tohonochul.org/retail-greenhouse/,218Education@tohonochul.org
https://tohonochul.org/retail-greenhouse/,235Docent@tohonochul.org
https://tohonochul.org/retail-greenhouse/,246Membership@tohonochul.org
https://tohonochul.org/retail-greenhouse/,213MuseumShops@tohonochul.org
https://plantsforthesouthwest.com/about/,gj@lithops.com
https://southernarizonaguide.com/recommended-nurseries-in-tucson/,info@southernarizonaguide.com
http://www.vintagehill.com/,info@vintagehill.com
http://www.sunnylawnfarms.com/,Ryne@eandmland.com
https://wyattvillegardencenter.com/,info@wyattvillegardencenter.com
https://www.sailersgreenhouse.com/,403-0630Hello@sailersgreenhouse.com
https://www.sailersgreenhouse.com/prior-lake,403-0630Hello@sailersgreenhouse.com
https://www.nurserytrees.com/States/state%20Minnesota.htm,info@nurserytrees.com
https://www.lawnandgardendirectory.org/store/p/14267-Loop-s-Nursery-Greenhouse-Jacksonville-FL.aspx,GoGreen@LawnandGardenMarketing.org
https://www.lawnandgardendirectory.org/store/p/14267-Loop-s-Nursery-Greenhouse-Jacksonville-FL.aspx,judie@loopsnursery.com
https://colorworksnursery.com/,sales@colorworksnursery.com
https://bobsgardencenter.com/about,marketing@bobsgardencenter.com
https://www.nurserytrees.com/States/state%20New%20Jersey.htm,info@nurserytrees.com
https://nj.gov/cgi-bin/agriculture/jerseygrown/gcnsearch.pl,karen@mundslandscaping.com
https://nj.gov/cgi-bin/agriculture/jerseygrown/gcnsearch.pl,sales@heroldsgardencenter.com
https://nj.gov/cgi-bin/agriculture/jerseygrown/gcnsearch.pl,somersetfarms@verizon.net
https://nj.gov/cgi-bin/agriculture/jerseygrown/gcnsearch.pl,kdunstan@aol.com
https://nj.gov/cgi-bin/agriculture/jerseygrown/gcnsearch.pl,Jodie@glenwildgardens.com
https://nj.gov/cgi-bin/agriculture/jerseygrown/gcnsearch.pl,info@godlewskyfarms.com
https://nj.gov/cgi-bin/agriculture/jerseygrown/gcnsearch.pl,sraubenstine@globalagassociates.com
https://nj.gov/cgi-bin/agriculture/jerseygrown/gcnsearch.pl,oakfarm@garden.net
https://nj.gov/cgi-bin/agriculture/jerseygrown/gcnsearch.pl,lrm34@aol.com
https://nj.gov/cgi-bin/agriculture/jerseygrown/gcnsearch.pl,claudia.j.debarri@verizon.net
https://nj.gov/cgi-bin/agriculture/jerseygrown/gcnsearch.pl,pattersonghs@aol.com
https://nj.gov/cgi-bin/agriculture/jerseygrown/gcnsearch.pl,perrysflorist@yahoo.com
https://nj.gov/cgi-bin/agriculture/jerseygrown/gcnsearch.pl,resnickshardware@aol.com
https://nj.gov/cgi-bin/agriculture/jerseygrown/gcnsearch.pl,somersland2@aol.com
https://nj.gov/cgi-bin/agriculture/jerseygrown/gcnsearch.pl,armandovitale@cs.com
https://nj.gov/cgi-bin/agriculture/jerseygrown/gcnsearch.pl,cloverflorist@aol.com
https://nj.gov/cgi-bin/agriculture/jerseygrown/gcnsearch.pl,joannag@direcway.com
https://nj.gov/cgi-bin/agriculture/jerseygrown/gcnsearch.pl,rizzos69@bellatlantic.net
https://nj.gov/cgi-bin/agriculture/jerseygrown/gcnsearch.pl,marlboromarket@aol.com
https://nj.gov/cgi-bin/agriculture/jerseygrown/gcnsearch.pl,Frank@FairfieldGardenCenter.com
https://nj.gov/cgi-bin/agriculture/jerseygrown/gcnsearch.pl,theoriginalflorist@verizon.net
https://nj.gov/cgi-bin/agriculture/jerseygrown/gcnsearch.pl,jsanguiliano@hotmail.com
https://nj.gov/cgi-bin/agriculture/jerseygrown/gcnsearch.pl,woolmanbros@aol.com
https://nj.gov/cgi-bin/agriculture/jerseygrown/gcnsearch.pl,bob@gardennj.com
https://nj.gov/cgi-bin/agriculture/jerseygrown/gcnsearch.pl,oasisfarm1@gmail.com
https://nj.gov/cgi-bin/agriculture/jerseygrown/gcnsearch.pl,springvilleherbs@aol.com
https://nj.gov/cgi-bin/agriculture/jerseygrown/gcnsearch.pl,butterwoodfarm@msn.com
https://nj.gov/cgi-bin/agriculture/jerseygrown/gcnsearch.pl,jplandscapes@earthlink.net
https://nj.gov/cgi-bin/agriculture/jerseygrown/gcnsearch.pl,fourseasonsgreenery@erols.com
https://nj.gov/cgi-bin/agriculture/jerseygrown/gcnsearch.pl,jam01@ptd.net
https://nj.gov/cgi-bin/agriculture/jerseygrown/gcnsearch.pl,plant.lab@verizon.net
https://nj.gov/cgi-bin/agriculture/jerseygrown/gcnsearch.pl,dewolfarm@aol.com
https://nj.gov/cgi-bin/agriculture/jerseygrown/gcnsearch.pl,doug@varietygrowers.com
https://nj.gov/cgi-bin/agriculture/jerseygrown/gcnsearch.pl,flwrworld@aol.com
https://nj.gov/cgi-bin/agriculture/jerseygrown/gcnsearch.pl,sperrinejr@comcast.net
https://nj.gov/cgi-bin/agriculture/jerseygrown/gcnsearch.pl,wrabbit1@netcom.com
https://nj.gov/cgi-bin/agriculture/jerseygrown/gcnsearch.pl,silvaorchard@earthlink.net
https://nj.gov/cgi-bin/agriculture/jerseygrown/gcnsearch.pl,ideal@ptd.com
https://nj.gov/cgi-bin/agriculture/jerseygrown/gcnsearch.pl,allshapesnsy@sprintmail.com
https://nj.gov/cgi-bin/agriculture/jerseygrown/gcnsearch.pl,gardensoftheworld@embarqmail.com
https://nj.gov/cgi-bin/agriculture/jerseygrown/gcnsearch.pl,ibader4369@aol.com
https://nj.gov/cgi-bin/agriculture/jerseygrown/gcnsearch.pl,lenvec@gmail.com
https://nj.gov/cgi-bin/agriculture/jerseygrown/gcnsearch.pl,Office@Cedargrovegarden.com
https://nj.gov/cgi-bin/agriculture/jerseygrown/gcnsearch.pl,Lmccaulsland@globalagassociate.com
https://nj.gov/cgi-bin/agriculture/jerseygrown/gcnsearch.pl,condursogc@njaccess.com
https://nj.gov/cgi-bin/agriculture/jerseygrown/gcnsearch.pl,CKrowicki@yahoo.com
https://nj.gov/cgi-bin/agriculture/jerseygrown/gcnsearch.pl,charliesnursery@gmail.com
https://nj.gov/cgi-bin/agriculture/jerseygrown/gcnsearch.pl,farmerjimbo56@hotmail.com
https://nj.gov/cgi-bin/agriculture/jerseygrown/gcnsearch.pl,Naturegreenland@aol.com
https://nj.gov/cgi-bin/agriculture/jerseygrown/gcnsearch.pl,office@bloomers.com
https://nj.gov/cgi-bin/agriculture/jerseygrown/gcnsearch.pl,corradostore@aol.com
https://nj.gov/cgi-bin/agriculture/jerseygrown/gcnsearch.pl,CMabie@capabilitybrown.com
https://nj.gov/cgi-bin/agriculture/jerseygrown/gcnsearch.pl,bluemisthollowfarm@aol.com
https://nj.gov/cgi-bin/agriculture/jerseygrown/gcnsearch.pl,bartonnursery@aol.com
https://nj.gov/cgi-bin/agriculture/jerseygrown/gcnsearch.pl,splash@waterfordgardens.com
https://nj.gov/cgi-bin/agriculture/jerseygrown/gcnsearch.pl,berkeleybaskets@aol.com
https://nj.gov/cgi-bin/agriculture/jerseygrown/gcnsearch.pl,sfm@juno.com
https://nj.gov/cgi-bin/agriculture/jerseygrown/gcnsearch.pl,elmer@njtreefarmer.com
https://nj.gov/cgi-bin/agriculture/jerseygrown/gcnsearch.pl,edgars@snip.net
https://nj.gov/cgi-bin/agriculture/jerseygrown/gcnsearch.pl,FamaNursery@aol.com
https://nj.gov/cgi-bin/agriculture/jerseygrown/gcnsearch.pl,zielkes@concentric.net
https://nj.gov/cgi-bin/agriculture/jerseygrown/gcnsearch.pl,waynem@comcast.net
https://nj.gov/cgi-bin/agriculture/jerseygrown/gcnsearch.pl,dlsauder@aol.com
https://nj.gov/cgi-bin/agriculture/jerseygrown/gcnsearch.pl,glennpond@aol.com
https://nj.gov/cgi-bin/agriculture/jerseygrown/gcnsearch.pl,info@gunningriverherbs.com
https://nj.gov/cgi-bin/agriculture/jerseygrown/gcnsearch.pl,growernj@verizon.net
https://nj.gov/cgi-bin/agriculture/jerseygrown/gcnsearch.pl,nickwu@daisygardensculpture.com
https://nj.gov/cgi-bin/agriculture/jerseygrown/gcnsearch.pl,info@cjnurseries.com
https://nj.gov/cgi-bin/agriculture/jerseygrown/gcnsearch.pl,info@martinsvilleflorist.com
https://nj.gov/cgi-bin/agriculture/jerseygrown/gcnsearch.pl,oakpark99@aol.com
https://nj.gov/cgi-bin/agriculture/jerseygrown/gcnsearch.pl,bellemeadcoop@yahoo.com
https://nj.gov/cgi-bin/agriculture/jerseygrown/gcnsearch.pl,SEMcCardle@aol.com
https://nj.gov/cgi-bin/agriculture/jerseygrown/gcnsearch.pl,ralphgsfm@aol.com
https://nj.gov/cgi-bin/agriculture/jerseygrown/gcnsearch.pl,lc320@aol.com
https://nj.gov/cgi-bin/agriculture/jerseygrown/gcnsearch.pl,galaxy@bellatlantic.net
https://nj.gov/cgi-bin/agriculture/jerseygrown/gcnsearch.pl,S_Butler1219@msn.com
https://nj.gov/cgi-bin/agriculture/jerseygrown/gcnsearch.pl,stonybg@comcast.net
https://nj.gov/cgi-bin/agriculture/jerseygrown/gcnsearch.pl,gardenoak@aol.com
https://nj.gov/cgi-bin/agriculture/jerseygrown/gcnsearch.pl,pope@eticomm.net
https://nj.gov/cgi-bin/agriculture/jerseygrown/gcnsearch.pl,mapletreegc@yahoo.com
https://nj.gov/cgi-bin/agriculture/jerseygrown/gcnsearch.pl,deerfield@goes.com
https://nj.gov/cgi-bin/agriculture/jerseygrown/gcnsearch.pl,patiobob@aol.com
https://nj.gov/cgi-bin/agriculture/jerseygrown/gcnsearch.pl,gaudioboys@aol.com
https://nj.gov/cgi-bin/agriculture/jerseygrown/gcnsearch.pl,daisysite@aol.com
https://nj.gov/cgi-bin/agriculture/jerseygrown/gcnsearch.pl,dubrows@aol.com
https://nj.gov/cgi-bin/agriculture/jerseygrown/gcnsearch.pl,Lambros@watermelonbar.com
https://nj.gov/cgi-bin/agriculture/jerseygrown/gcnsearch.pl,hallsgarden@earthlink.net
https://nj.gov/cgi-bin/agriculture/jerseygrown/gcnsearch.pl,lennygdn@bellatlantic.net
https://nj.gov/cgi-bin/agriculture/jerseygrown/gcnsearch.pl,mayberrysgardens@aol.com
https://nj.gov/cgi-bin/agriculture/jerseygrown/gcnsearch.pl,df518@aol.com
https://nj.gov/cgi-bin/agriculture/jerseygrown/gcnsearch.pl,maplehollow@patmedia.net
https://nj.gov/cgi-bin/agriculture/jerseygrown/gcnsearch.pl,greenthumb@goes.com
https://nj.gov/cgi-bin/agriculture/jerseygrown/gcnsearch.pl,belottinursery@aol.com
https://nj.gov/cgi-bin/agriculture/jerseygrown/gcnsearch.pl,rosedalenursery@aol.com
https://nj.gov/cgi-bin/agriculture/jerseygrown/gcnsearch.pl,afunfarm@aol.com
https://nj.gov/cgi-bin/agriculture/jerseygrown/gcnsearch.pl,scalicivnj@aol.com
https://nj.gov/cgi-bin/agriculture/jerseygrown/gcnsearch.pl,gowminehill@yahoo.com
https://nj.gov/cgi-bin/agriculture/jerseygrown/gcnsearch.pl,r_swolfe@hotmail.com
https://nj.gov/cgi-bin/agriculture/jerseygrown/gcnsearch.pl,ecr@fcc.net
https://nj.gov/cgi-bin/agriculture/jerseygrown/gcnsearch.pl,cornernursery@aol.com
https://nj.gov/cgi-bin/agriculture/jerseygrown/gcnsearch.pl,rosedalemills@comcast.net
https://nj.gov/cgi-bin/agriculture/jerseygrown/gcnsearch.pl,stokesfarmron@yahoo.com
https://nj.gov/cgi-bin/agriculture/jerseygrown/gcnsearch.pl,McKittrick@verizon.net
https://nj.gov/cgi-bin/agriculture/jerseygrown/gcnsearch.pl,valleyma@warwick.net
https://nj.gov/cgi-bin/agriculture/jerseygrown/gcnsearch.pl,fostersfarmkt@att.net
https://nj.gov/cgi-bin/agriculture/jerseygrown/gcnsearch.pl,watergardens2002@aol.com
https://nj.gov/cgi-bin/agriculture/jerseygrown/gcnsearch.pl,hsiehjimmy@summitplants.com
https://nj.gov/cgi-bin/agriculture/jerseygrown/gcnsearch.pl,Lockwoodgardens@aol.com
https://nj.gov/cgi-bin/agriculture/jerseygrown/gcnsearch.pl,parkergardens@parkerplants.com
https://nj.gov/cgi-bin/agriculture/jerseygrown/gcnsearch.pl,info@rarefindnursery.com
https://nj.gov/cgi-bin/agriculture/jerseygrown/gcnsearch.pl,cch5000@earthlink.net
https://nj.gov/cgi-bin/agriculture/jerseygrown/gcnsearch.pl,budney@bmaquatics.com
https://nj.gov/cgi-bin/agriculture/jerseygrown/gcnsearch.pl,farmside@nac.net
https://nj.gov/cgi-bin/agriculture/jerseygrown/gcnsearch.pl,nachthem@hotmail.com
https://nj.gov/cgi-bin/agriculture/jerseygrown/gcnsearch.pl,EBR1123@aol.com
https://nj.gov/cgi-bin/agriculture/jerseygrown/gcnsearch.pl,a08743a@acehardware.com
https://nj.gov/cgi-bin/agriculture/jerseygrown/gcnsearch.pl,bakersinc@aol.com
https://nj.gov/cgi-bin/agriculture/jerseygrown/gcnsearch.pl,dangelofarms@aol.com
https://nj.gov/cgi-bin/agriculture/jerseygrown/gcnsearch.pl,moorestowngardens@erols.com
https://nj.gov/cgi-bin/agriculture/jerseygrown/gcnsearch.pl,steager@mindspring.com
https://nj.gov/cgi-bin/agriculture/jerseygrown/gcnsearch.pl,mohawkgardens@nac.net
https://nj.gov/cgi-bin/agriculture/jerseygrown/gcnsearch.pl,info@dwgemail.com
https://nj.gov/cgi-bin/agriculture/jerseygrown/gcnsearch.pl,dave@williamsnursery.com
https://nj.gov/cgi-bin/agriculture/jerseygrown/gcnsearch.pl,ferris1@comcast.net
https://nj.gov/cgi-bin/agriculture/jerseygrown/gcnsearch.pl,info@willowcreeknursery.net
https://nj.gov/cgi-bin/agriculture/jerseygrown/gcnsearch.pl,morristownagway@aol.com
https://nj.gov/cgi-bin/agriculture/jerseygrown/gcnsearch.pl,chrlpet@aol.com
https://nj.gov/cgi-bin/agriculture/jerseygrown/gcnsearch.pl,cindy.0115@juno.com
https://nj.gov/cgi-bin/agriculture/jerseygrown/gcnsearch.pl,bardyfarms@aol.com
https://nj.gov/cgi-bin/agriculture/jerseygrown/gcnsearch.pl,redwood65@verizon.net
https://nj.gov/cgi-bin/agriculture/jerseygrown/gcnsearch.pl,cccnursery@aol.com
https://nj.gov/cgi-bin/agriculture/jerseygrown/gcnsearch.pl,toadshade@toadshade.com
https://nj.gov/cgi-bin/agriculture/jerseygrown/gcnsearch.pl,thefarmatgreenvillage@hotmail.com
https://nj.gov/cgi-bin/agriculture/jerseygrown/gcnsearch.pl,mtlaurelgardens@snip.net
https://nj.gov/cgi-bin/agriculture/jerseygrown/gcnsearch.pl,lorraine@trippleoaks.com
https://nj.gov/cgi-bin/agriculture/jerseygrown/gcnsearch.pl,naturegreenland@aol.com
https://nj.gov/cgi-bin/agriculture/jerseygrown/gcnsearch.pl,sicklesmarket@sicklesmarket.com
https://nj.gov/cgi-bin/agriculture/jerseygrown/gcnsearch.pl,pamjoecox@aol.com
https://nj.gov/cgi-bin/agriculture/jerseygrown/gcnsearch.pl,tollgate@njns.com
https://nj.gov/cgi-bin/agriculture/jerseygrown/gcnsearch.pl,hfmbigwoods@aol.com
https://nj.gov/cgi-bin/agriculture/jerseygrown/gcnsearch.pl,tosickles@sicklesmarket.com
https://nj.gov/cgi-bin/agriculture/jerseygrown/gcnsearch.pl,aalet9@cs.com
https://nj.gov/cgi-bin/agriculture/jerseygrown/gcnsearch.pl,jsagway@aol.com
https://nj.gov/cgi-bin/agriculture/jerseygrown/gcnsearch.pl,creamhil@optline.net
https://www.nj.gov/cgi-bin/agriculture/jerseygrown/gcnsearch.pl?county1=camden,naturegreenland@aol.com
https://www.nj.gov/cgi-bin/agriculture/jerseygrown/gcnsearch.pl?county1=camden,pope@eticomm.net
https://www.nj.gov/cgi-bin/agriculture/jerseygrown/gcnsearch.pl?county1=camden,sfm@juno.com
https://www.nj.gov/cgi-bin/agriculture/jerseygrown/gcnsearch.pl?county1=camden,flwrworld@aol.com
https://baetensnursery.com/garden-decor/,baetensnursery@fuse.net
https://www.johnstonplants.com/,questions@johnstonplants.com
https://www.johnstonplants.com/,design@johnstonplants.com
https://www.masonfarms.com/garden-center-nursery/,masonfarms@masonfarms.com
https://www.ocregister.com/2011/09/23/best-garden-centernursery-2/,Hull100@mail.chapman.edu
https://www.ocregister.com/2011/09/23/best-garden-centernursery-2/,Murra118@mail.chapman.edu
https://www.ocregister.com/2011/09/23/best-garden-centernursery-2/,dfoley@ocregister.com
https://www.ocregister.com/2011/09/23/best-garden-centernursery-2/,Johns282@mail.chapman.edu
https://www.ocregister.com/2011/09/23/best-garden-centernursery-2/,Leave101@mail.chapman.edu
https://www.ocregister.com/2011/09/23/best-garden-centernursery-2/,Eden100@mail.chapman.edu
https://www.ocregister.com/2011/09/23/best-garden-centernursery-2/,Kozin101@mail.chapman.edu
https://www.ocregister.com/2011/09/23/best-garden-centernursery-2/,Nihil100@mail.chapman.edu
https://www.ocregister.com/2011/09/23/best-garden-centernursery-2/,Kleim102@mail.chapman.edu
https://www.ocregister.com/2011/09/23/best-garden-centernursery-2/,Stone125@mail.chapman.edu
https://www.ocregister.com/2011/09/23/best-garden-centernursery-2/,Sogom100@mail.chapman.edu
https://www.ocregister.com/2011/09/23/best-garden-centernursery-2/,Gomez142@mail.chapman.edu
https://www.ocregister.com/2011/09/23/best-garden-centernursery-2/,Geary100@mail.chapman.edu
https://gpnmag.com/article/cover-story-experience-the-view/,frontdesk@greatamericanpublish.com
https://gpnmag.com/article/cover-story-experience-the-view/,smarkgraf@greenmarkpr.com
https://www.nurserytrees.com/States/state%20North%20Carolina.htm,info@nurserytrees.com
https://www.nurserytrees.com/States/state%20Michigan.htm,info@nurserytrees.com
https://newbloomsgreenhouse.com/,info@newbloomsgreenhouse.com
https://www.agriseek.com/s/Garden-Flower-Drought-Tolerant-Plant-For-Sale-In-San-Buenaventura-Ventura-,office@dnt-agro.com
https://www.agriseek.com/s/Gardening-Supplies-Greenhouse-Supply-For-Sale-In-San-Buenaventura-Ventura-,office@dnt-agro.com
https://cms7files.revize.com/camarilloca/Revised%20Portions%20of%20Draft%20EIR.pdf,H@qF6.jKd
